attackid,nataque,severity,attack,service,srcip,dstip,srcport,dstport,subtype,eventtype,sessionid,url
44780,1,low,Nikto.Web.Scanner,HTTP,172.16.1.2,172.16.2.2,50862,80,ips,signature,7174,/
12648,1,medium,HTPasswd.Access,HTTP,172.16.1.2,172.16.2.2,50862,80,ips,signature,7174,/5PkUWXOP.htpasswd
44780,1,low,Nikto.Web.Scanner,HTTP,172.16.1.2,172.16.2.2,50862,80,ips,signature,7174,
44780,2,low,Nikto.Web.Scanner,HTTP,172.16.1.2,172.16.2.2,50864,80,ips,signature,7175,/5PkUWXOP.EXE
44780,2,low,Nikto.Web.Scanner,HTTP,172.16.1.2,172.16.2.2,50864,80,ips,signature,7175,
44780,3,low,Nikto.Web.Scanner,HTTP,172.16.1.2,172.16.2.2,50866,80,ips,signature,7176,/5PkUWXOP.cmd
44780,3,low,Nikto.Web.Scanner,HTTP,172.16.1.2,172.16.2.2,50866,80,ips,signature,7176,
44780,4,low,Nikto.Web.Scanner,HTTP,172.16.1.2,172.16.2.2,50868,80,ips,signature,7177,/index.php
15229,4,medium,Apache.Expect.Header.XSS,HTTP,172.16.1.2,172.16.2.2,50868,80,ips,signature,7177,/
44780,4,low,Nikto.Web.Scanner,HTTP,172.16.1.2,172.16.2.2,50868,80,ips,signature,7177,
44780,5,low,Nikto.Web.Scanner,HTTP,172.16.1.2,172.16.2.2,50870,80,ips,signature,7178,/nikto-test-TXANp1NR.html
44780,5,low,Nikto.Web.Scanner,HTTP,172.16.1.2,172.16.2.2,50870,80,ips,signature,7178,
44780,6,low,Nikto.Web.Scanner,HTTP,172.16.1.2,172.16.2.2,50872,80,ips,signature,7179,/
44780,7,low,Nikto.Web.Scanner,HTTP,172.16.1.2,172.16.2.2,50874,80,ips,signature,7180,/
44780,7,low,Nikto.Web.Scanner,HTTP,172.16.1.2,172.16.2.2,50874,80,ips,signature,7180,
44780,8,low,Nikto.Web.Scanner,HTTP,172.16.1.2,172.16.2.2,50876,80,ips,signature,7181,/
44780,9,low,Nikto.Web.Scanner,HTTP,172.16.1.2,172.16.2.2,50878,80,ips,signature,7182,
15463,9,high,PHP.URI.Code.Injection,HTTP,172.16.1.2,172.16.2.2,50878,80,ips,signature,7182,
44780,9,low,Nikto.Web.Scanner,HTTP,172.16.1.2,172.16.2.2,50878,80,ips,signature,7182,
44780,10,low,Nikto.Web.Scanner,HTTP,172.16.1.2,172.16.2.2,50880,80,ips,signature,7183,/scripts/samples/search/filetime.idq
44780,10,low,Nikto.Web.Scanner,HTTP,172.16.1.2,172.16.2.2,50880,80,ips,signature,7183,
44780,11,low,Nikto.Web.Scanner,HTTP,172.16.1.2,172.16.2.2,50882,80,ips,signature,7184,/pbserver/pbserver.dll
44780,11,low,Nikto.Web.Scanner,HTTP,172.16.1.2,172.16.2.2,50882,80,ips,signature,7184,
44780,12,low,Nikto.Web.Scanner,HTTP,172.16.1.2,172.16.2.2,50884,80,ips,signature,7185,/webcart/orders/import.txt
46767,12,medium,Novell.NetBasic.Scripting.Server.Directory.Traversal,HTTP,172.16.1.2,172.16.2.2,50884,80,ips,signature,7185,/nsn/..%5Cutil/chkvol.bas
44780,12,low,Nikto.Web.Scanner,HTTP,172.16.1.2,172.16.2.2,50884,80,ips,signature,7185,
46767,12,medium,Novell.NetBasic.Scripting.Server.Directory.Traversal,HTTP,172.16.1.2,172.16.2.2,50884,80,ips,signature,7185,
44780,13,low,Nikto.Web.Scanner,HTTP,172.16.1.2,172.16.2.2,50886,80,ips,signature,7186,/domlog.nsf
44780,13,low,Nikto.Web.Scanner,HTTP,172.16.1.2,172.16.2.2,50886,80,ips,signature,7186,
44780,14,low,Nikto.Web.Scanner,HTTP,172.16.1.2,172.16.2.2,50888,80,ips,signature,7187,/
44780,15,low,Nikto.Web.Scanner,HTTP,172.16.1.2,172.16.2.2,50890,80,ips,signature,7188,//
44780,15,low,Nikto.Web.Scanner,HTTP,172.16.1.2,172.16.2.2,50890,80,ips,signature,7188,
27560,16,low,NaviCOPA.Source.Code.Information.Disclosure,HTTP,172.16.1.2,172.16.2.2,50892,80,ips,signature,7189,/index.html%20
44780,16,low,Nikto.Web.Scanner,HTTP,172.16.1.2,172.16.2.2,50892,80,ips,signature,7189,/852566C90012664F
43336,16,high,Web.Server.Password.File.Access,HTTP,172.16.1.2,172.16.2.2,50892,80,ips,signature,7189,/%2f..%2f..%2f..%2f..%2f..%2f..%2f..%2f..%2f..%2f..%2fetc%2fpasswd
12015,16,high,MS.IIS.Web.Server.Directory.Traversal,HTTP,172.16.1.2,172.16.2.2,50892,80,ips,signature,7189,/msadc/..%255c../..%255c../..%255c../winnt/system32/cmd.exe?/c+dir+c:%5c
30908,16,medium,Oxide.WebServer.Directory.Traversal,HTTP,172.16.1.2,172.16.2.2,50892,80,ips,signature,7189,
13106,16,medium,Php.Exe.Disclosure,HTTP,172.16.1.2,172.16.2.2,50892,80,ips,signature,7189,/php/php.exe?c:\\winnt\\boot.ini
24975,16,medium,HTTP.Malformed.Request.Directory.Traversal,HTTP,172.16.1.2,172.16.2.2,50892,80,ips,signature,7189,/%2f..%2f..%2f..%2f..%2f..%2f..%2f..%2f..%2f..%2f../boot.ini
13011,16,high,Apache.DOS.Batch.Script.Parsing.Command.Execution,HTTP,172.16.1.2,172.16.2.2,50892,80,ips,signature,7189,/ssi/envout.bat?|dir%20..\\\\..\\\\..\\\\..\\\\..\\\\..\\\\..\\\\
44780,16,low,Nikto.Web.Scanner,HTTP,172.16.1.2,172.16.2.2,50892,80,ips,signature,7189,
43336,16,high,Web.Server.Password.File.Access,HTTP,172.16.1.2,172.16.2.2,50892,80,ips,signature,7189,
13106,16,medium,Php.Exe.Disclosure,HTTP,172.16.1.2,172.16.2.2,50892,80,ips,signature,7189,
24975,16,medium,HTTP.Malformed.Request.Directory.Traversal,HTTP,172.16.1.2,172.16.2.2,50892,80,ips,signature,7189,
44780,17,low,Nikto.Web.Scanner,HTTP,172.16.1.2,172.16.2.2,50894,80,ips,signature,7190,/../../../../winnt/repair/sam._
24975,18,medium,HTTP.Malformed.Request.Directory.Traversal,HTTP,172.16.1.2,172.16.2.2,50896,80,ips,signature,7191,/..\\\\..\\\\..\\\\..\\\\..\\\\..\\\\..\\\\boot.ini
43336,18,high,Web.Server.Password.File.Access,HTTP,172.16.1.2,172.16.2.2,50896,80,ips,signature,7191,///etc/passwd
44780,18,low,Nikto.Web.Scanner,HTTP,172.16.1.2,172.16.2.2,50896,80,ips,signature,7191,///etc/hosts
24975,18,medium,HTTP.Malformed.Request.Directory.Traversal,HTTP,172.16.1.2,172.16.2.2,50896,80,ips,signature,7191,
44780,19,low,Nikto.Web.Scanner,HTTP,172.16.1.2,172.16.2.2,50898,80,ips,signature,7192,/.cobalt/sysManage/../admin/.htaccess
43336,19,high,Web.Server.Password.File.Access,HTTP,172.16.1.2,172.16.2.2,50898,80,ips,signature,7192,/albums/userpics/Copperminer.jpg.php?cat%20/etc/passwd
43336,19,high,Web.Server.Password.File.Access,HTTP,172.16.1.2,172.16.2.2,50898,80,ips,signature,7192,
44780,20,low,Nikto.Web.Scanner,HTTP,172.16.1.2,172.16.2.2,50900,80,ips,signature,7193,
43336,20,high,Web.Server.Password.File.Access,HTTP,172.16.1.2,172.16.2.2,50900,80,ips,signature,7193,
30908,20,medium,Oxide.WebServer.Directory.Traversal,HTTP,172.16.1.2,172.16.2.2,50900,80,ips,signature,7193,
18057,20,medium,Netscape.Search.NS.Query.Pat.Directory.Traversal,HTTP,172.16.1.2,172.16.2.2,50900,80,ips,signature,7193,
44780,20,low,Nikto.Web.Scanner,HTTP,172.16.1.2,172.16.2.2,50900,80,ips,signature,7193,
43336,20,high,Web.Server.Password.File.Access,HTTP,172.16.1.2,172.16.2.2,50900,80,ips,signature,7193,
30908,20,medium,Oxide.WebServer.Directory.Traversal,HTTP,172.16.1.2,172.16.2.2,50900,80,ips,signature,7193,
24975,21,medium,HTTP.Malformed.Request.Directory.Traversal,HTTP,172.16.1.2,172.16.2.2,50902,80,ips,signature,7194,/.../.../.../.../.../.../.../.../.../boot.ini
43336,21,high,Web.Server.Password.File.Access,HTTP,172.16.1.2,172.16.2.2,50902,80,ips,signature,7194,/................../etc/passwd
44780,21,low,Nikto.Web.Scanner,HTTP,172.16.1.2,172.16.2.2,50902,80,ips,signature,7194,/%3f.jsp
44780,21,low,Nikto.Web.Scanner,HTTP,172.16.1.2,172.16.2.2,50902,80,ips,signature,7194,
43336,22,high,Web.Server.Password.File.Access,HTTP,172.16.1.2,172.16.2.2,50904,80,ips,signature,7195,/%2e%2e/%2e%2e/%2e%2e/%2e%2e/%2e%2e/%2e%2e/%2e%2e/etc/passwd
44780,23,low,Nikto.Web.Scanner,HTTP,172.16.1.2,172.16.2.2,50906,80,ips,signature,7196,/%00
43336,23,high,Web.Server.Password.File.Access,HTTP,172.16.1.2,172.16.2.2,50906,80,ips,signature,7196,/ca/..\\\\..\\\\..\\\\..\\\\..\\\\..\\\\/\\\\etc/\\\\passwd
44780,23,low,Nikto.Web.Scanner,HTTP,172.16.1.2,172.16.2.2,50906,80,ips,signature,7196,
43336,23,high,Web.Server.Password.File.Access,HTTP,172.16.1.2,172.16.2.2,50906,80,ips,signature,7196,
43336,24,high,Web.Server.Password.File.Access,HTTP,172.16.1.2,172.16.2.2,50908,80,ips,signature,7197,/site/'
15621,25,high,HTTP.URI.SQL.Injection,HTTP,172.16.1.2,172.16.2.2,50910,80,ips,signature,7198,
44780,25,low,Nikto.Web.Scanner,HTTP,172.16.1.2,172.16.2.2,50910,80,ips,signature,7198,
10574,25,medium,HTTP.URI.Script.XSS,HTTP,172.16.1.2,172.16.2.2,50910,80,ips,signature,7198,/<script>alert('Vulnerable')</script>.shtm
15621,25,high,HTTP.URI.SQL.Injection,HTTP,172.16.1.2,172.16.2.2,50910,80,ips,signature,7198,
44780,25,low,Nikto.Web.Scanner,HTTP,172.16.1.2,172.16.2.2,50910,80,ips,signature,7198,
10574,25,medium,HTTP.URI.Script.XSS,HTTP,172.16.1.2,172.16.2.2,50910,80,ips,signature,7198,
44780,26,low,Nikto.Web.Scanner,HTTP,172.16.1.2,172.16.2.2,50912,80,ips,signature,7199,
34971,26,medium,NetworkActiv.Web.Server.XSS,HTTP,172.16.1.2,172.16.2.2,50912,80,ips,signature,7199,
44780,26,low,Nikto.Web.Scanner,HTTP,172.16.1.2,172.16.2.2,50912,80,ips,signature,7199,
44780,27,low,Nikto.Web.Scanner,HTTP,172.16.1.2,172.16.2.2,50914,80,ips,signature,7200,
44780,27,low,Nikto.Web.Scanner,HTTP,172.16.1.2,172.16.2.2,50914,80,ips,signature,7200,
34971,28,medium,NetworkActiv.Web.Server.XSS,HTTP,172.16.1.2,172.16.2.2,50916,80,ips,signature,7201,"/index.php/\\\""><script><script>alert(document.cookie)</script><"
44780,28,low,Nikto.Web.Scanner,HTTP,172.16.1.2,172.16.2.2,50916,80,ips,signature,7201,
44780,28,low,Nikto.Web.Scanner,HTTP,172.16.1.2,172.16.2.2,50916,80,ips,signature,7201,
44780,29,low,Nikto.Web.Scanner,HTTP,172.16.1.2,172.16.2.2,50918,80,ips,signature,7202,
44780,29,low,Nikto.Web.Scanner,HTTP,172.16.1.2,172.16.2.2,50918,80,ips,signature,7202,
44780,30,low,Nikto.Web.Scanner,HTTP,172.16.1.2,172.16.2.2,50920,80,ips,signature,7203,
44780,30,low,Nikto.Web.Scanner,HTTP,172.16.1.2,172.16.2.2,50920,80,ips,signature,7203,
44780,31,low,Nikto.Web.Scanner,HTTP,172.16.1.2,172.16.2.2,50922,80,ips,signature,7204,
44780,31,low,Nikto.Web.Scanner,HTTP,172.16.1.2,172.16.2.2,50922,80,ips,signature,7204,
44780,32,low,Nikto.Web.Scanner,HTTP,172.16.1.2,172.16.2.2,50924,80,ips,signature,7205,
10574,32,medium,HTTP.URI.Script.XSS,HTTP,172.16.1.2,172.16.2.2,50924,80,ips,signature,7205,/a?<script>alert('Vulnerable')</script>
43336,32,high,Web.Server.Password.File.Access,HTTP,172.16.1.2,172.16.2.2,50924,80,ips,signature,7205,/cgi-bin/handler/netsonar;cat
44780,32,low,Nikto.Web.Scanner,HTTP,172.16.1.2,172.16.2.2,50924,80,ips,signature,7205,
10574,32,medium,HTTP.URI.Script.XSS,HTTP,172.16.1.2,172.16.2.2,50924,80,ips,signature,7205,
44780,33,low,Nikto.Web.Scanner,HTTP,172.16.1.2,172.16.2.2,50926,80,ips,signature,7206,/cgi-bin/webdist.cgi
12577,33,critical,Cisco.Command.Execution,HTTP,172.16.1.2,172.16.2.2,50926,80,ips,signature,7206,/exec/show/config/cr
43336,33,high,Web.Server.Password.File.Access,HTTP,172.16.1.2,172.16.2.2,50926,80,ips,signature,7206,/perl/-e%20%22system('cat%20/etc/passwd');\\%22
10574,33,medium,HTTP.URI.Script.XSS,HTTP,172.16.1.2,172.16.2.2,50926,80,ips,signature,7206,/<script>alert('Vulnerable')</script>
44780,33,low,Nikto.Web.Scanner,HTTP,172.16.1.2,172.16.2.2,50926,80,ips,signature,7206,
44780,34,low,Nikto.Web.Scanner,HTTP,172.16.1.2,172.16.2.2,50928,80,ips,signature,7207,/_vti_bin/_vti_aut/fp30reg.dll?xxxxxxxxxxxxxxxxxxxxxxxxxxxxxxxxxxxxxxxxxxxxxxxxxxxxxxxxxxxxxxxxxxxxxxxxxxxxxxxxxxxxxxxxxxxxxxxxxxxxxxxxxxxxxxxxxxxxxxxxxxxxxxxxxxxxxxxxxxxxxxxxxxxxxxxxxxxxxxxxxxxxxxxxxxxxxxxxxxxxxxxxxxxxxxxxxxxxxxxxxxxxxxxxxxxxxxxxxxxxxxxx
44780,34,low,Nikto.Web.Scanner,HTTP,172.16.1.2,172.16.2.2,50928,80,ips,signature,7207,
44780,35,low,Nikto.Web.Scanner,HTTP,172.16.1.2,172.16.2.2,50930,80,ips,signature,7208,/level/16/exec/-///pwd
43336,35,high,Web.Server.Password.File.Access,HTTP,172.16.1.2,172.16.2.2,50930,80,ips,signature,7208,
44780,35,low,Nikto.Web.Scanner,HTTP,172.16.1.2,172.16.2.2,50930,80,ips,signature,7208,
44780,36,low,Nikto.Web.Scanner,HTTP,172.16.1.2,172.16.2.2,50932,80,ips,signature,7209,/examples/jsp/snp/snoop.jsp
34971,36,medium,NetworkActiv.Web.Server.XSS,HTTP,172.16.1.2,172.16.2.2,50932,80,ips,signature,7209,
15463,36,high,PHP.URI.Code.Injection,HTTP,172.16.1.2,172.16.2.2,50932,80,ips,signature,7209,
10181,36,high,phpBB.Viewtopic.Highlight.Remote.Code.Execution,HTTP,172.16.1.2,172.16.2.2,50932,80,ips,signature,7209,
43336,36,high,Web.Server.Password.File.Access,HTTP,172.16.1.2,172.16.2.2,50932,80,ips,signature,7209,/cgi-bin/pfdisplay.cgi?../../../../../../etc/passwd
44780,36,low,Nikto.Web.Scanner,HTTP,172.16.1.2,172.16.2.2,50932,80,ips,signature,7209,
34971,36,medium,NetworkActiv.Web.Server.XSS,HTTP,172.16.1.2,172.16.2.2,50932,80,ips,signature,7209,
15463,36,high,PHP.URI.Code.Injection,HTTP,172.16.1.2,172.16.2.2,50932,80,ips,signature,7209,
10181,36,high,phpBB.Viewtopic.Highlight.Remote.Code.Execution,HTTP,172.16.1.2,172.16.2.2,50932,80,ips,signature,7209,
44780,37,low,Nikto.Web.Scanner,HTTP,172.16.1.2,172.16.2.2,50934,80,ips,signature,7210,/
12758,37,low,MS.IIS.IndexServer.Disclosure,HTTP,172.16.1.2,172.16.2.2,50934,80,ips,signature,7210,
30908,37,medium,Oxide.WebServer.Directory.Traversal,HTTP,172.16.1.2,172.16.2.2,50934,80,ips,signature,7210,
43336,37,high,Web.Server.Password.File.Access,HTTP,172.16.1.2,172.16.2.2,50934,80,ips,signature,7210,
44780,37,low,Nikto.Web.Scanner,HTTP,172.16.1.2,172.16.2.2,50934,80,ips,signature,7210,
44780,38,low,Nikto.Web.Scanner,HTTP,172.16.1.2,172.16.2.2,50936,80,ips,signature,7211,/../../../../../../../../../etc/passw*
44780,39,low,Nikto.Web.Scanner,HTTP,172.16.1.2,172.16.2.2,50938,80,ips,signature,7212,
30908,39,medium,Oxide.WebServer.Directory.Traversal,HTTP,172.16.1.2,172.16.2.2,50938,80,ips,signature,7212,
34971,39,medium,NetworkActiv.Web.Server.XSS,HTTP,172.16.1.2,172.16.2.2,50938,80,ips,signature,7212,
43336,39,high,Web.Server.Password.File.Access,HTTP,172.16.1.2,172.16.2.2,50938,80,ips,signature,7212,/.../.../.../.../.../.../.../.../.../.../etc/passwd
44780,39,low,Nikto.Web.Scanner,HTTP,172.16.1.2,172.16.2.2,50938,80,ips,signature,7212,
12709,40,low,MS.IIS.IISadmpwd.HTR.File.Access.Security.Bypass,HTTP,172.16.1.2,172.16.2.2,50940,80,ips,signature,7213,/iisadmpwd/aexp2.htr
44780,40,low,Nikto.Web.Scanner,HTTP,172.16.1.2,172.16.2.2,50940,80,ips,signature,7213,//admin/aindex.htm
12709,40,low,MS.IIS.IISadmpwd.HTR.File.Access.Security.Bypass,HTTP,172.16.1.2,172.16.2.2,50940,80,ips,signature,7213,
44780,40,low,Nikto.Web.Scanner,HTTP,172.16.1.2,172.16.2.2,50940,80,ips,signature,7213,
44780,41,low,Nikto.Web.Scanner,HTTP,172.16.1.2,172.16.2.2,50942,80,ips,signature,7214,/admin/wg_user-info.ml
44780,41,low,Nikto.Web.Scanner,HTTP,172.16.1.2,172.16.2.2,50942,80,ips,signature,7214,
44780,42,low,Nikto.Web.Scanner,HTTP,172.16.1.2,172.16.2.2,50944,80,ips,signature,7215,/console
44780,42,low,Nikto.Web.Scanner,HTTP,172.16.1.2,172.16.2.2,50944,80,ips,signature,7215,
44780,43,low,Nikto.Web.Scanner,HTTP,172.16.1.2,172.16.2.2,50946,80,ips,signature,7216,/logfile.htm
44780,43,low,Nikto.Web.Scanner,HTTP,172.16.1.2,172.16.2.2,50946,80,ips,signature,7216,
44780,44,low,Nikto.Web.Scanner,HTTP,172.16.1.2,172.16.2.2,50948,80,ips,signature,7217,/restricted/
44780,44,low,Nikto.Web.Scanner,HTTP,172.16.1.2,172.16.2.2,50948,80,ips,signature,7217,
44780,45,low,Nikto.Web.Scanner,HTTP,172.16.1.2,172.16.2.2,50950,80,ips,signature,7218,/WebShop/logs/cc.txt
43336,45,high,Web.Server.Password.File.Access,HTTP,172.16.1.2,172.16.2.2,50950,80,ips,signature,7218,/etc/passwd
44780,45,low,Nikto.Web.Scanner,HTTP,172.16.1.2,172.16.2.2,50950,80,ips,signature,7218,
44780,46,low,Nikto.Web.Scanner,HTTP,172.16.1.2,172.16.2.2,50952,80,ips,signature,7219,/decsdoc.nsf
44780,46,low,Nikto.Web.Scanner,HTTP,172.16.1.2,172.16.2.2,50952,80,ips,signature,7219,
44780,47,low,Nikto.Web.Scanner,HTTP,172.16.1.2,172.16.2.2,50954,80,ips,signature,7220,/stsrc.nsf
43336,47,high,Web.Server.Password.File.Access,HTTP,172.16.1.2,172.16.2.2,50954,80,ips,signature,7220,/etc/shadow+
44780,47,low,Nikto.Web.Scanner,HTTP,172.16.1.2,172.16.2.2,50954,80,ips,signature,7220,
44780,48,low,Nikto.Web.Scanner,HTTP,172.16.1.2,172.16.2.2,50956,80,ips,signature,7221,
43336,48,high,Web.Server.Password.File.Access,HTTP,172.16.1.2,172.16.2.2,50956,80,ips,signature,7221,
30908,48,medium,Oxide.WebServer.Directory.Traversal,HTTP,172.16.1.2,172.16.2.2,50956,80,ips,signature,7221,
24975,48,medium,HTTP.Malformed.Request.Directory.Traversal,HTTP,172.16.1.2,172.16.2.2,50956,80,ips,signature,7221,
44780,48,low,Nikto.Web.Scanner,HTTP,172.16.1.2,172.16.2.2,50956,80,ips,signature,7221,
43336,48,high,Web.Server.Password.File.Access,HTTP,172.16.1.2,172.16.2.2,50956,80,ips,signature,7221,
30908,48,medium,Oxide.WebServer.Directory.Traversal,HTTP,172.16.1.2,172.16.2.2,50956,80,ips,signature,7221,
24975,48,medium,HTTP.Malformed.Request.Directory.Traversal,HTTP,172.16.1.2,172.16.2.2,50956,80,ips,signature,7221,
43336,49,high,Web.Server.Password.File.Access,HTTP,172.16.1.2,172.16.2.2,50958,80,ips,signature,7222,
44780,50,low,Nikto.Web.Scanner,HTTP,172.16.1.2,172.16.2.2,50960,80,ips,signature,7223,
44780,51,low,Nikto.Web.Scanner,HTTP,172.16.1.2,172.16.2.2,50962,80,ips,signature,7224,
44780,52,low,Nikto.Web.Scanner,HTTP,172.16.1.2,172.16.2.2,50964,80,ips,signature,7225,
43336,53,high,Web.Server.Password.File.Access,HTTP,172.16.1.2,172.16.2.2,50966,80,ips,signature,7226,
43336,54,high,Web.Server.Password.File.Access,HTTP,172.16.1.2,172.16.2.2,50968,80,ips,signature,7227,
44780,55,low,Nikto.Web.Scanner,HTTP,172.16.1.2,172.16.2.2,50970,80,ips,signature,7228,
43336,56,high,Web.Server.Password.File.Access,HTTP,172.16.1.2,172.16.2.2,50972,80,ips,signature,7229,
43336,57,high,Web.Server.Password.File.Access,HTTP,172.16.1.2,172.16.2.2,50974,80,ips,signature,7230,
44780,58,low,Nikto.Web.Scanner,HTTP,172.16.1.2,172.16.2.2,50976,80,ips,signature,7231,
44780,59,low,Nikto.Web.Scanner,HTTP,172.16.1.2,172.16.2.2,50978,80,ips,signature,7232,/forum/mainfile.php
43336,59,high,Web.Server.Password.File.Access,HTTP,172.16.1.2,172.16.2.2,50978,80,ips,signature,7232,
24975,59,medium,HTTP.Malformed.Request.Directory.Traversal,HTTP,172.16.1.2,172.16.2.2,50978,80,ips,signature,7232,
30908,59,medium,Oxide.WebServer.Directory.Traversal,HTTP,172.16.1.2,172.16.2.2,50978,80,ips,signature,7232,
44780,59,low,Nikto.Web.Scanner,HTTP,172.16.1.2,172.16.2.2,50978,80,ips,signature,7232,
43336,59,high,Web.Server.Password.File.Access,HTTP,172.16.1.2,172.16.2.2,50978,80,ips,signature,7232,
24975,59,medium,HTTP.Malformed.Request.Directory.Traversal,HTTP,172.16.1.2,172.16.2.2,50978,80,ips,signature,7232,
30908,59,medium,Oxide.WebServer.Directory.Traversal,HTTP,172.16.1.2,172.16.2.2,50978,80,ips,signature,7232,
43336,60,high,Web.Server.Password.File.Access,HTTP,172.16.1.2,172.16.2.2,50980,80,ips,signature,7233,
44780,61,low,Nikto.Web.Scanner,HTTP,172.16.1.2,172.16.2.2,50982,80,ips,signature,7234,
44780,62,low,Nikto.Web.Scanner,HTTP,172.16.1.2,172.16.2.2,50984,80,ips,signature,7235,
44780,63,low,Nikto.Web.Scanner,HTTP,172.16.1.2,172.16.2.2,50986,80,ips,signature,7236,
43336,64,high,Web.Server.Password.File.Access,HTTP,172.16.1.2,172.16.2.2,50988,80,ips,signature,7237,
44780,65,low,Nikto.Web.Scanner,HTTP,172.16.1.2,172.16.2.2,50990,80,ips,signature,7238,
43336,66,high,Web.Server.Password.File.Access,HTTP,172.16.1.2,172.16.2.2,50992,80,ips,signature,7239,
43336,67,high,Web.Server.Password.File.Access,HTTP,172.16.1.2,172.16.2.2,50994,80,ips,signature,7240,
44780,68,low,Nikto.Web.Scanner,HTTP,172.16.1.2,172.16.2.2,50996,80,ips,signature,7241,
44780,68,low,Nikto.Web.Scanner,HTTP,172.16.1.2,172.16.2.2,50996,80,ips,signature,7241,
43336,69,high,Web.Server.Password.File.Access,HTTP,172.16.1.2,172.16.2.2,50998,80,ips,signature,7242,
44780,70,low,Nikto.Web.Scanner,HTTP,172.16.1.2,172.16.2.2,51000,80,ips,signature,7243,
43336,71,high,Web.Server.Password.File.Access,HTTP,172.16.1.2,172.16.2.2,51002,80,ips,signature,7244,
44780,72,low,Nikto.Web.Scanner,HTTP,172.16.1.2,172.16.2.2,51004,80,ips,signature,7245,
44780,73,low,Nikto.Web.Scanner,HTTP,172.16.1.2,172.16.2.2,51006,80,ips,signature,7246,
44780,74,low,Nikto.Web.Scanner,HTTP,172.16.1.2,172.16.2.2,51008,80,ips,signature,7247,
43336,75,high,Web.Server.Password.File.Access,HTTP,172.16.1.2,172.16.2.2,51010,80,ips,signature,7248,
44780,76,low,Nikto.Web.Scanner,HTTP,172.16.1.2,172.16.2.2,51012,80,ips,signature,7249,
43336,77,high,Web.Server.Password.File.Access,HTTP,172.16.1.2,172.16.2.2,51014,80,ips,signature,7250,
43336,78,high,Web.Server.Password.File.Access,HTTP,172.16.1.2,172.16.2.2,51016,80,ips,signature,7251,
44780,79,low,Nikto.Web.Scanner,HTTP,172.16.1.2,172.16.2.2,51018,80,ips,signature,7252,
44780,79,low,Nikto.Web.Scanner,HTTP,172.16.1.2,172.16.2.2,51018,80,ips,signature,7252,
44780,80,low,Nikto.Web.Scanner,HTTP,172.16.1.2,172.16.2.2,51020,80,ips,signature,7253,/functions.inc.php+
43336,80,high,Web.Server.Password.File.Access,HTTP,172.16.1.2,172.16.2.2,51020,80,ips,signature,7253,
44780,80,low,Nikto.Web.Scanner,HTTP,172.16.1.2,172.16.2.2,51020,80,ips,signature,7253,
44780,81,low,Nikto.Web.Scanner,HTTP,172.16.1.2,172.16.2.2,51022,80,ips,signature,7254,
43336,82,high,Web.Server.Password.File.Access,HTTP,172.16.1.2,172.16.2.2,51024,80,ips,signature,7255,
44780,83,low,Nikto.Web.Scanner,HTTP,172.16.1.2,172.16.2.2,51026,80,ips,signature,7256,
44780,84,low,Nikto.Web.Scanner,HTTP,172.16.1.2,172.16.2.2,51028,80,ips,signature,7257,
44780,85,low,Nikto.Web.Scanner,HTTP,172.16.1.2,172.16.2.2,51030,80,ips,signature,7258,
43336,86,high,Web.Server.Password.File.Access,HTTP,172.16.1.2,172.16.2.2,51032,80,ips,signature,7259,
44780,87,low,Nikto.Web.Scanner,HTTP,172.16.1.2,172.16.2.2,51034,80,ips,signature,7260,
43336,88,high,Web.Server.Password.File.Access,HTTP,172.16.1.2,172.16.2.2,51036,80,ips,signature,7261,
43336,89,high,Web.Server.Password.File.Access,HTTP,172.16.1.2,172.16.2.2,51038,80,ips,signature,7262,
44780,90,low,Nikto.Web.Scanner,HTTP,172.16.1.2,172.16.2.2,51040,80,ips,signature,7263,
44780,91,low,Nikto.Web.Scanner,HTTP,172.16.1.2,172.16.2.2,51042,80,ips,signature,7264,/include/customize.php
43336,91,high,Web.Server.Password.File.Access,HTTP,172.16.1.2,172.16.2.2,51042,80,ips,signature,7264,
24975,91,medium,HTTP.Malformed.Request.Directory.Traversal,HTTP,172.16.1.2,172.16.2.2,51042,80,ips,signature,7264,
30908,91,medium,Oxide.WebServer.Directory.Traversal,HTTP,172.16.1.2,172.16.2.2,51042,80,ips,signature,7264,
44780,91,low,Nikto.Web.Scanner,HTTP,172.16.1.2,172.16.2.2,51042,80,ips,signature,7264,
43336,91,high,Web.Server.Password.File.Access,HTTP,172.16.1.2,172.16.2.2,51042,80,ips,signature,7264,
30908,91,medium,Oxide.WebServer.Directory.Traversal,HTTP,172.16.1.2,172.16.2.2,51042,80,ips,signature,7264,
44780,92,low,Nikto.Web.Scanner,HTTP,172.16.1.2,172.16.2.2,51044,80,ips,signature,7265,/protection.php
43336,92,high,Web.Server.Password.File.Access,HTTP,172.16.1.2,172.16.2.2,51044,80,ips,signature,7265,
44780,92,low,Nikto.Web.Scanner,HTTP,172.16.1.2,172.16.2.2,51044,80,ips,signature,7265,
44780,93,low,Nikto.Web.Scanner,HTTP,172.16.1.2,172.16.2.2,51046,80,ips,signature,7266,
43336,94,high,Web.Server.Password.File.Access,HTTP,172.16.1.2,172.16.2.2,51048,80,ips,signature,7267,
44780,95,low,Nikto.Web.Scanner,HTTP,172.16.1.2,172.16.2.2,51050,80,ips,signature,7268,
44780,96,low,Nikto.Web.Scanner,HTTP,172.16.1.2,172.16.2.2,51052,80,ips,signature,7269,
44780,97,low,Nikto.Web.Scanner,HTTP,172.16.1.2,172.16.2.2,51054,80,ips,signature,7270,
43336,98,high,Web.Server.Password.File.Access,HTTP,172.16.1.2,172.16.2.2,51056,80,ips,signature,7271,
43336,99,high,Web.Server.Password.File.Access,HTTP,172.16.1.2,172.16.2.2,51058,80,ips,signature,7272,
44780,100,low,Nikto.Web.Scanner,HTTP,172.16.1.2,172.16.2.2,51060,80,ips,signature,7273,
43336,101,high,Web.Server.Password.File.Access,HTTP,172.16.1.2,172.16.2.2,51062,80,ips,signature,7274,
43336,102,high,Web.Server.Password.File.Access,HTTP,172.16.1.2,172.16.2.2,51064,80,ips,signature,7275,
44780,103,low,Nikto.Web.Scanner,HTTP,172.16.1.2,172.16.2.2,51066,80,ips,signature,7276,
44780,104,low,Nikto.Web.Scanner,HTTP,172.16.1.2,172.16.2.2,51068,80,ips,signature,7277,/screen.php
43336,104,high,Web.Server.Password.File.Access,HTTP,172.16.1.2,172.16.2.2,51068,80,ips,signature,7277,
12648,104,medium,HTPasswd.Access,HTTP,172.16.1.2,172.16.2.2,51068,80,ips,signature,7277,/.htpasswd
44780,104,low,Nikto.Web.Scanner,HTTP,172.16.1.2,172.16.2.2,51068,80,ips,signature,7277,
43336,104,high,Web.Server.Password.File.Access,HTTP,172.16.1.2,172.16.2.2,51068,80,ips,signature,7277,
43336,105,high,Web.Server.Password.File.Access,HTTP,172.16.1.2,172.16.2.2,51070,80,ips,signature,7278,////////../../../../../../etc/passwd
44780,106,low,Nikto.Web.Scanner,HTTP,172.16.1.2,172.16.2.2,51072,80,ips,signature,7279,/_vti_bin/shtml.exe/_vti_rpc
12979,106,medium,Administrators.PWD,HTTP,172.16.1.2,172.16.2.2,51072,80,ips,signature,7279,/_vti_pvt/administrators.pwd
44780,106,low,Nikto.Web.Scanner,HTTP,172.16.1.2,172.16.2.2,51072,80,ips,signature,7279,
12979,106,medium,Administrators.PWD,HTTP,172.16.1.2,172.16.2.2,51072,80,ips,signature,7279,
44780,107,low,Nikto.Web.Scanner,HTTP,172.16.1.2,172.16.2.2,51074,80,ips,signature,7280,/examples/forward1
44780,107,low,Nikto.Web.Scanner,HTTP,172.16.1.2,172.16.2.2,51074,80,ips,signature,7280,
44780,108,low,Nikto.Web.Scanner,HTTP,172.16.1.2,172.16.2.2,51076,80,ips,signature,7281,/index.html.ru.cp866
44780,108,low,Nikto.Web.Scanner,HTTP,172.16.1.2,172.16.2.2,51076,80,ips,signature,7281,
44780,109,low,Nikto.Web.Scanner,HTTP,172.16.1.2,172.16.2.2,51078,80,ips,signature,7282,/icons/
43336,109,high,Web.Server.Password.File.Access,HTTP,172.16.1.2,172.16.2.2,51078,80,ips,signature,7282,
44780,109,low,Nikto.Web.Scanner,HTTP,172.16.1.2,172.16.2.2,51078,80,ips,signature,7282,
43336,109,high,Web.Server.Password.File.Access,HTTP,172.16.1.2,172.16.2.2,51078,80,ips,signature,7282,
44780,110,low,Nikto.Web.Scanner,HTTP,172.16.1.2,172.16.2.2,51080,80,ips,signature,7283,/cfide/administrator/index.cfm
43336,110,high,Web.Server.Password.File.Access,HTTP,172.16.1.2,172.16.2.2,51080,80,ips,signature,7283,
34971,110,medium,NetworkActiv.Web.Server.XSS,HTTP,172.16.1.2,172.16.2.2,51080,80,ips,signature,7283,
44780,110,low,Nikto.Web.Scanner,HTTP,172.16.1.2,172.16.2.2,51080,80,ips,signature,7283,
43336,110,high,Web.Server.Password.File.Access,HTTP,172.16.1.2,172.16.2.2,51080,80,ips,signature,7283,
44780,111,low,Nikto.Web.Scanner,HTTP,172.16.1.2,172.16.2.2,51082,80,ips,signature,7284,
12015,111,high,MS.IIS.Web.Server.Directory.Traversal,HTTP,172.16.1.2,172.16.2.2,51082,80,ips,signature,7284,/certsrv/..%c0%af../winnt/system32/cmd.exe?/c+dir
50825,111,high,Apache.HTTP.Server.cgi-bin.Path.Traversal,HTTP,172.16.1.2,172.16.2.2,51082,80,ips,signature,7284,/cgi-bin/..%c0%af../..%c0%af../winnt/system32/cmd.exe?/c+dir
43336,111,high,Web.Server.Password.File.Access,HTTP,172.16.1.2,172.16.2.2,51082,80,ips,signature,7284,
24975,111,medium,HTTP.Malformed.Request.Directory.Traversal,HTTP,172.16.1.2,172.16.2.2,51082,80,ips,signature,7284,/.%252e/.%252e/.%252e/winnt/boot.ini
44780,111,low,Nikto.Web.Scanner,HTTP,172.16.1.2,172.16.2.2,51082,80,ips,signature,7284,
12015,111,high,MS.IIS.Web.Server.Directory.Traversal,HTTP,172.16.1.2,172.16.2.2,51082,80,ips,signature,7284,
50825,111,high,Apache.HTTP.Server.cgi-bin.Path.Traversal,HTTP,172.16.1.2,172.16.2.2,51082,80,ips,signature,7284,
43336,111,high,Web.Server.Password.File.Access,HTTP,172.16.1.2,172.16.2.2,51082,80,ips,signature,7284,
12015,112,high,MS.IIS.Web.Server.Directory.Traversal,HTTP,172.16.1.2,172.16.2.2,51084,80,ips,signature,7285,/scripts/..%255c..%255cwinnt/system32/cmd.exe?/c+ver
44780,112,low,Nikto.Web.Scanner,HTTP,172.16.1.2,172.16.2.2,51084,80,ips,signature,7285,/server-info
50825,112,high,Apache.HTTP.Server.cgi-bin.Path.Traversal,HTTP,172.16.1.2,172.16.2.2,51084,80,ips,signature,7285,/cgi-bin/%2E%2E%2F%2E%2E%2F%2E%2E%2F%2E%2E%2F%2E%2E%2F%2E%2E%2F%2E%2E%2F%57%49%4E%4E%54%2F%73%79%73%74%65%6D%33%32%2Fping.exe%20127.0.0.1
24975,112,medium,HTTP.Malformed.Request.Directory.Traversal,HTTP,172.16.1.2,172.16.2.2,51084,80,ips,signature,7285,/..%5C..%5C..%5C..%5C..%5C..%5C..%5C..%5C..%5C..%5Cboot.ini
43336,112,high,Web.Server.Password.File.Access,HTTP,172.16.1.2,172.16.2.2,51084,80,ips,signature,7285,
12980,112,high,ANS.Directory.Traversal,HTTP,172.16.1.2,172.16.2.2,51084,80,ips,signature,7285,
10003,112,medium,MS.IIS.Web.Application.SourceCode.Disclosure,HTTP,172.16.1.2,172.16.2.2,51084,80,ips,signature,7285,
12015,112,high,MS.IIS.Web.Server.Directory.Traversal,HTTP,172.16.1.2,172.16.2.2,51084,80,ips,signature,7285,
44780,112,low,Nikto.Web.Scanner,HTTP,172.16.1.2,172.16.2.2,51084,80,ips,signature,7285,
50825,112,high,Apache.HTTP.Server.cgi-bin.Path.Traversal,HTTP,172.16.1.2,172.16.2.2,51084,80,ips,signature,7285,
43336,112,high,Web.Server.Password.File.Access,HTTP,172.16.1.2,172.16.2.2,51084,80,ips,signature,7285,
12980,112,high,ANS.Directory.Traversal,HTTP,172.16.1.2,172.16.2.2,51084,80,ips,signature,7285,
10003,112,medium,MS.IIS.Web.Application.SourceCode.Disclosure,HTTP,172.16.1.2,172.16.2.2,51084,80,ips,signature,7285,
44780,113,low,Nikto.Web.Scanner,HTTP,172.16.1.2,172.16.2.2,51086,80,ips,signature,7286,/bmp/mime.types
34971,113,medium,NetworkActiv.Web.Server.XSS,HTTP,172.16.1.2,172.16.2.2,51086,80,ips,signature,7286,
44780,113,low,Nikto.Web.Scanner,HTTP,172.16.1.2,172.16.2.2,51086,80,ips,signature,7286,
44780,114,low,Nikto.Web.Scanner,HTTP,172.16.1.2,172.16.2.2,51088,80,ips,signature,7287,/doc/Judy/
44780,114,low,Nikto.Web.Scanner,HTTP,172.16.1.2,172.16.2.2,51088,80,ips,signature,7287,
44780,115,low,Nikto.Web.Scanner,HTTP,172.16.1.2,172.16.2.2,51090,80,ips,signature,7288,/Host/Portals/tabid/19/ctl/Login/portalid/0/Default.aspx
44780,115,low,Nikto.Web.Scanner,HTTP,172.16.1.2,172.16.2.2,51090,80,ips,signature,7288,
44780,116,low,Nikto.Web.Scanner,HTTP,172.16.1.2,172.16.2.2,51092,80,ips,signature,7289,/va/
44780,116,low,Nikto.Web.Scanner,HTTP,172.16.1.2,172.16.2.2,51092,80,ips,signature,7289,
44780,117,low,Nikto.Web.Scanner,HTTP,172.16.1.2,172.16.2.2,51094,80,ips,signature,7290,/sc/
44780,117,low,Nikto.Web.Scanner,HTTP,172.16.1.2,172.16.2.2,51094,80,ips,signature,7290,
44780,118,low,Nikto.Web.Scanner,HTTP,172.16.1.2,172.16.2.2,51096,80,ips,signature,7291,
48010,118,medium,PHP.mosConfig_absolute_path.Remote.File.Inclusion,HTTP,172.16.1.2,172.16.2.2,51096,80,ips,signature,7291,
15117,118,medium,NuclearBB.Root.Path.Parameter.File.Inclusion,HTTP,172.16.1.2,172.16.2.2,51096,80,ips,signature,7291,
44780,118,low,Nikto.Web.Scanner,HTTP,172.16.1.2,172.16.2.2,51096,80,ips,signature,7291,
15117,118,medium,NuclearBB.Root.Path.Parameter.File.Inclusion,HTTP,172.16.1.2,172.16.2.2,51096,80,ips,signature,7291,
44780,119,low,Nikto.Web.Scanner,HTTP,172.16.1.2,172.16.2.2,51098,80,ips,signature,7292,
29613,119,high,SQuery.LibPath.Parameter.Multiple.Remote.File.Inclusion,HTTP,172.16.1.2,172.16.2.2,51098,80,ips,signature,7292,
44780,119,low,Nikto.Web.Scanner,HTTP,172.16.1.2,172.16.2.2,51098,80,ips,signature,7292,
44780,120,low,Nikto.Web.Scanner,HTTP,172.16.1.2,172.16.2.2,51100,80,ips,signature,7293,
14946,120,low,Flip.Previewtheme.PHP.File.Inclusion,HTTP,172.16.1.2,172.16.2.2,51100,80,ips,signature,7293,
15091,120,high,Ajax.File.Browser.approot.Parameter.File.Inclusion,HTTP,172.16.1.2,172.16.2.2,51100,80,ips,signature,7293,
14950,120,low,NcasterCMS.Archive.PHP.File.Inclusion,HTTP,172.16.1.2,172.16.2.2,51100,80,ips,signature,7293,
14857,120,high,RipeCMS.Parameter.Level.File.Inclusion,HTTP,172.16.1.2,172.16.2.2,51100,80,ips,signature,7293,
44780,120,low,Nikto.Web.Scanner,HTTP,172.16.1.2,172.16.2.2,51100,80,ips,signature,7293,
14857,120,high,RipeCMS.Parameter.Level.File.Inclusion,HTTP,172.16.1.2,172.16.2.2,51100,80,ips,signature,7293,
44780,121,low,Nikto.Web.Scanner,HTTP,172.16.1.2,172.16.2.2,51102,80,ips,signature,7294,
14956,121,high,Somery.Include.PHP.File.Inclusion,HTTP,172.16.1.2,172.16.2.2,51102,80,ips,signature,7294,
48010,121,medium,PHP.mosConfig_absolute_path.Remote.File.Inclusion,HTTP,172.16.1.2,172.16.2.2,51102,80,ips,signature,7294,
13825,121,low,Joomla!.com_webring.Remote.File.Inclusion,HTTP,172.16.1.2,172.16.2.2,51102,80,ips,signature,7294,
44780,121,low,Nikto.Web.Scanner,HTTP,172.16.1.2,172.16.2.2,51102,80,ips,signature,7294,
14956,121,high,Somery.Include.PHP.File.Inclusion,HTTP,172.16.1.2,172.16.2.2,51102,80,ips,signature,7294,
48010,121,medium,PHP.mosConfig_absolute_path.Remote.File.Inclusion,HTTP,172.16.1.2,172.16.2.2,51102,80,ips,signature,7294,
44780,122,low,Nikto.Web.Scanner,HTTP,172.16.1.2,172.16.2.2,51104,80,ips,signature,7295,
15091,122,high,Ajax.File.Browser.approot.Parameter.File.Inclusion,HTTP,172.16.1.2,172.16.2.2,51104,80,ips,signature,7295,
48010,122,medium,PHP.mosConfig_absolute_path.Remote.File.Inclusion,HTTP,172.16.1.2,172.16.2.2,51104,80,ips,signature,7295,
44780,122,low,Nikto.Web.Scanner,HTTP,172.16.1.2,172.16.2.2,51104,80,ips,signature,7295,
15091,122,high,Ajax.File.Browser.approot.Parameter.File.Inclusion,HTTP,172.16.1.2,172.16.2.2,51104,80,ips,signature,7295,
44780,123,low,Nikto.Web.Scanner,HTTP,172.16.1.2,172.16.2.2,51106,80,ips,signature,7296,
48010,123,medium,PHP.mosConfig_absolute_path.Remote.File.Inclusion,HTTP,172.16.1.2,172.16.2.2,51106,80,ips,signature,7296,
44780,123,low,Nikto.Web.Scanner,HTTP,172.16.1.2,172.16.2.2,51106,80,ips,signature,7296,
44780,124,low,Nikto.Web.Scanner,HTTP,172.16.1.2,172.16.2.2,51108,80,ips,signature,7297,
48010,124,medium,PHP.mosConfig_absolute_path.Remote.File.Inclusion,HTTP,172.16.1.2,172.16.2.2,51108,80,ips,signature,7297,
44780,124,low,Nikto.Web.Scanner,HTTP,172.16.1.2,172.16.2.2,51108,80,ips,signature,7297,
48010,124,medium,PHP.mosConfig_absolute_path.Remote.File.Inclusion,HTTP,172.16.1.2,172.16.2.2,51108,80,ips,signature,7297,
48010,125,medium,PHP.mosConfig_absolute_path.Remote.File.Inclusion,HTTP,172.16.1.2,172.16.2.2,51110,80,ips,signature,7298,
44780,125,low,Nikto.Web.Scanner,HTTP,172.16.1.2,172.16.2.2,51110,80,ips,signature,7298,
14947,125,low,FrontAccounting.Config.PHP.File.Inclusion,HTTP,172.16.1.2,172.16.2.2,51110,80,ips,signature,7298,
48010,125,medium,PHP.mosConfig_absolute_path.Remote.File.Inclusion,HTTP,172.16.1.2,172.16.2.2,51110,80,ips,signature,7298,
44780,125,low,Nikto.Web.Scanner,HTTP,172.16.1.2,172.16.2.2,51110,80,ips,signature,7298,
44780,126,low,Nikto.Web.Scanner,HTTP,172.16.1.2,172.16.2.2,51112,80,ips,signature,7299,
44780,126,low,Nikto.Web.Scanner,HTTP,172.16.1.2,172.16.2.2,51112,80,ips,signature,7299,
44780,127,low,Nikto.Web.Scanner,HTTP,172.16.1.2,172.16.2.2,51114,80,ips,signature,7300,
44780,127,low,Nikto.Web.Scanner,HTTP,172.16.1.2,172.16.2.2,51114,80,ips,signature,7300,
44780,128,low,Nikto.Web.Scanner,HTTP,172.16.1.2,172.16.2.2,51116,80,ips,signature,7302,
15115,128,medium,DFD.Cart.Set.Depth.Parameter.File.Inclusion,HTTP,172.16.1.2,172.16.2.2,51116,80,ips,signature,7302,
29615,128,medium,Vmist.Downstat.Remote.File.Inclusion,HTTP,172.16.1.2,172.16.2.2,51116,80,ips,signature,7302,
15100,128,medium,AnyInventory.Environment.PHP.File.Inclusion,HTTP,172.16.1.2,172.16.2.2,51116,80,ips,signature,7302,
44780,128,low,Nikto.Web.Scanner,HTTP,172.16.1.2,172.16.2.2,51116,80,ips,signature,7302,
15115,128,medium,DFD.Cart.Set.Depth.Parameter.File.Inclusion,HTTP,172.16.1.2,172.16.2.2,51116,80,ips,signature,7302,
44780,129,low,Nikto.Web.Scanner,HTTP,172.16.1.2,172.16.2.2,51118,80,ips,signature,7303,
44780,129,low,Nikto.Web.Scanner,HTTP,172.16.1.2,172.16.2.2,51118,80,ips,signature,7303,
44780,130,low,Nikto.Web.Scanner,HTTP,172.16.1.2,172.16.2.2,51120,80,ips,signature,7304,
44780,130,low,Nikto.Web.Scanner,HTTP,172.16.1.2,172.16.2.2,51120,80,ips,signature,7304,
44780,131,low,Nikto.Web.Scanner,HTTP,172.16.1.2,172.16.2.2,51122,80,ips,signature,7305,
44780,131,low,Nikto.Web.Scanner,HTTP,172.16.1.2,172.16.2.2,51122,80,ips,signature,7305,
44780,132,low,Nikto.Web.Scanner,HTTP,172.16.1.2,172.16.2.2,51124,80,ips,signature,7306,
14740,132,high,Mazen.PHP.Chat.Multiple.File.Inclusion,HTTP,172.16.1.2,172.16.2.2,51124,80,ips,signature,7306,
30542,132,high,Quezza.Class_template.php.Remote.File.Inclusion,HTTP,172.16.1.2,172.16.2.2,51124,80,ips,signature,7306,
44780,132,low,Nikto.Web.Scanner,HTTP,172.16.1.2,172.16.2.2,51124,80,ips,signature,7306,
14740,132,high,Mazen.PHP.Chat.Multiple.File.Inclusion,HTTP,172.16.1.2,172.16.2.2,51124,80,ips,signature,7306,
44780,133,low,Nikto.Web.Scanner,HTTP,172.16.1.2,172.16.2.2,51126,80,ips,signature,7307,
48010,133,medium,PHP.mosConfig_absolute_path.Remote.File.Inclusion,HTTP,172.16.1.2,172.16.2.2,51126,80,ips,signature,7307,
14157,133,medium,TotalCalendar.Multiple.Remote.File.Inclusion,HTTP,172.16.1.2,172.16.2.2,51126,80,ips,signature,7307,
44780,133,low,Nikto.Web.Scanner,HTTP,172.16.1.2,172.16.2.2,51126,80,ips,signature,7307,
48010,133,medium,PHP.mosConfig_absolute_path.Remote.File.Inclusion,HTTP,172.16.1.2,172.16.2.2,51126,80,ips,signature,7307,
14157,133,medium,TotalCalendar.Multiple.Remote.File.Inclusion,HTTP,172.16.1.2,172.16.2.2,51126,80,ips,signature,7307,
44780,134,low,Nikto.Web.Scanner,HTTP,172.16.1.2,172.16.2.2,51128,80,ips,signature,7308,
48010,134,medium,PHP.mosConfig_absolute_path.Remote.File.Inclusion,HTTP,172.16.1.2,172.16.2.2,51128,80,ips,signature,7308,
44780,134,low,Nikto.Web.Scanner,HTTP,172.16.1.2,172.16.2.2,51128,80,ips,signature,7308,
44780,135,low,Nikto.Web.Scanner,HTTP,172.16.1.2,172.16.2.2,51130,80,ips,signature,7309,
44780,136,low,Nikto.Web.Scanner,HTTP,172.16.1.2,172.16.2.2,51132,80,ips,signature,7310,
15092,136,high,OFFL.DOC.ROOT.File.Inclusion,HTTP,172.16.1.2,172.16.2.2,51132,80,ips,signature,7310,
14949,136,high,Linksnet.Newsfeed.PHP.File.Inclusion,HTTP,172.16.1.2,172.16.2.2,51132,80,ips,signature,7310,
48010,136,medium,PHP.mosConfig_absolute_path.Remote.File.Inclusion,HTTP,172.16.1.2,172.16.2.2,51132,80,ips,signature,7310,
44780,136,low,Nikto.Web.Scanner,HTTP,172.16.1.2,172.16.2.2,51132,80,ips,signature,7310,
15092,136,high,OFFL.DOC.ROOT.File.Inclusion,HTTP,172.16.1.2,172.16.2.2,51132,80,ips,signature,7310,
14949,136,high,Linksnet.Newsfeed.PHP.File.Inclusion,HTTP,172.16.1.2,172.16.2.2,51132,80,ips,signature,7310,
48010,136,medium,PHP.mosConfig_absolute_path.Remote.File.Inclusion,HTTP,172.16.1.2,172.16.2.2,51132,80,ips,signature,7310,
44780,137,low,Nikto.Web.Scanner,HTTP,172.16.1.2,172.16.2.2,51134,80,ips,signature,7311,
15118,137,medium,PhpRealty.MGR.Parameter.File.Inclusion,HTTP,172.16.1.2,172.16.2.2,51134,80,ips,signature,7311,
29564,137,medium,PHP.Remote.Arbitrary.File.Inclusion,HTTP,172.16.1.2,172.16.2.2,51134,80,ips,signature,7311,
44780,137,low,Nikto.Web.Scanner,HTTP,172.16.1.2,172.16.2.2,51134,80,ips,signature,7311,
15118,137,medium,PhpRealty.MGR.Parameter.File.Inclusion,HTTP,172.16.1.2,172.16.2.2,51134,80,ips,signature,7311,
44780,138,low,Nikto.Web.Scanner,HTTP,172.16.1.2,172.16.2.2,51136,80,ips,signature,7312,
14742,138,low,Xoops.Horoscope.Module.Footer.PHP.File.Inclusion,HTTP,172.16.1.2,172.16.2.2,51136,80,ips,signature,7312,
48010,138,medium,PHP.mosConfig_absolute_path.Remote.File.Inclusion,HTTP,172.16.1.2,172.16.2.2,51136,80,ips,signature,7312,
15110,138,medium,iziContents.gsLanguage.Parameter.File.Inclusion,HTTP,172.16.1.2,172.16.2.2,51136,80,ips,signature,7312,
14950,138,low,NcasterCMS.Archive.PHP.File.Inclusion,HTTP,172.16.1.2,172.16.2.2,51136,80,ips,signature,7312,
14230,138,medium,ZebraFeeds.Remote.File.Inclusion,HTTP,172.16.1.2,172.16.2.2,51136,80,ips,signature,7312,
44780,138,low,Nikto.Web.Scanner,HTTP,172.16.1.2,172.16.2.2,51136,80,ips,signature,7312,
48010,138,medium,PHP.mosConfig_absolute_path.Remote.File.Inclusion,HTTP,172.16.1.2,172.16.2.2,51136,80,ips,signature,7312,
15110,138,medium,iziContents.gsLanguage.Parameter.File.Inclusion,HTTP,172.16.1.2,172.16.2.2,51136,80,ips,signature,7312,
14230,138,medium,ZebraFeeds.Remote.File.Inclusion,HTTP,172.16.1.2,172.16.2.2,51136,80,ips,signature,7312,
44780,139,low,Nikto.Web.Scanner,HTTP,172.16.1.2,172.16.2.2,51138,80,ips,signature,7313,
29564,139,medium,PHP.Remote.Arbitrary.File.Inclusion,HTTP,172.16.1.2,172.16.2.2,51138,80,ips,signature,7313,
10819,139,high,PHP.Phorum.Arbitrary.Code.Execution,HTTP,172.16.1.2,172.16.2.2,51138,80,ips,signature,7313,
14737,139,low,phphtml.PHP.File.Inclusion,HTTP,172.16.1.2,172.16.2.2,51138,80,ips,signature,7313,
44780,139,low,Nikto.Web.Scanner,HTTP,172.16.1.2,172.16.2.2,51138,80,ips,signature,7313,
44780,140,low,Nikto.Web.Scanner,HTTP,172.16.1.2,172.16.2.2,51140,80,ips,signature,7314,
14953,140,low,Php.Blue.Dragon.Activecontent.PHP.File.Inclusion,HTTP,172.16.1.2,172.16.2.2,51140,80,ips,signature,7314,
44780,140,low,Nikto.Web.Scanner,HTTP,172.16.1.2,172.16.2.2,51140,80,ips,signature,7314,
44780,141,low,Nikto.Web.Scanner,HTTP,172.16.1.2,172.16.2.2,51142,80,ips,signature,7315,
48010,141,medium,PHP.mosConfig_absolute_path.Remote.File.Inclusion,HTTP,172.16.1.2,172.16.2.2,51142,80,ips,signature,7315,
44780,141,low,Nikto.Web.Scanner,HTTP,172.16.1.2,172.16.2.2,51142,80,ips,signature,7315,
44780,142,low,Nikto.Web.Scanner,HTTP,172.16.1.2,172.16.2.2,51144,80,ips,signature,7316,
48010,142,medium,PHP.mosConfig_absolute_path.Remote.File.Inclusion,HTTP,172.16.1.2,172.16.2.2,51144,80,ips,signature,7316,
15114,142,medium,Helplink.Show.PHP.File.Inclusion,HTTP,172.16.1.2,172.16.2.2,51144,80,ips,signature,7316,
44780,142,low,Nikto.Web.Scanner,HTTP,172.16.1.2,172.16.2.2,51144,80,ips,signature,7316,
48010,142,medium,PHP.mosConfig_absolute_path.Remote.File.Inclusion,HTTP,172.16.1.2,172.16.2.2,51144,80,ips,signature,7316,
44780,143,low,Nikto.Web.Scanner,HTTP,172.16.1.2,172.16.2.2,51146,80,ips,signature,7317,
14341,143,high,Aardvark.Topsites.PHP.Remote.Command.Execution,HTTP,172.16.1.2,172.16.2.2,51146,80,ips,signature,7317,
44780,143,low,Nikto.Web.Scanner,HTTP,172.16.1.2,172.16.2.2,51146,80,ips,signature,7317,
44780,144,low,Nikto.Web.Scanner,HTTP,172.16.1.2,172.16.2.2,51148,80,ips,signature,7318,
44780,145,low,Nikto.Web.Scanner,HTTP,172.16.1.2,172.16.2.2,51150,80,ips,signature,7319,
48010,145,medium,PHP.mosConfig_absolute_path.Remote.File.Inclusion,HTTP,172.16.1.2,172.16.2.2,51150,80,ips,signature,7319,
44780,145,low,Nikto.Web.Scanner,HTTP,172.16.1.2,172.16.2.2,51150,80,ips,signature,7319,
44780,146,low,Nikto.Web.Scanner,HTTP,172.16.1.2,172.16.2.2,51152,80,ips,signature,7320,
44780,146,low,Nikto.Web.Scanner,HTTP,172.16.1.2,172.16.2.2,51152,80,ips,signature,7320,
44780,147,low,Nikto.Web.Scanner,HTTP,172.16.1.2,172.16.2.2,51154,80,ips,signature,7321,
44780,148,low,Nikto.Web.Scanner,HTTP,172.16.1.2,172.16.2.2,51156,80,ips,signature,7322,
29614,148,high,TSEP.Colorswitch.PHP.Remote.File.Inclusion,HTTP,172.16.1.2,172.16.2.2,51156,80,ips,signature,7322,
43336,148,high,Web.Server.Password.File.Access,HTTP,172.16.1.2,172.16.2.2,51156,80,ips,signature,7322,
14948,148,high,LaVague.PrintBar.PHP.File.Inclusion,HTTP,172.16.1.2,172.16.2.2,51156,80,ips,signature,7322,
44780,148,low,Nikto.Web.Scanner,HTTP,172.16.1.2,172.16.2.2,51156,80,ips,signature,7322,
29614,148,high,TSEP.Colorswitch.PHP.Remote.File.Inclusion,HTTP,172.16.1.2,172.16.2.2,51156,80,ips,signature,7322,
44780,149,low,Nikto.Web.Scanner,HTTP,172.16.1.2,172.16.2.2,51158,80,ips,signature,7323,
48010,149,medium,PHP.mosConfig_absolute_path.Remote.File.Inclusion,HTTP,172.16.1.2,172.16.2.2,51158,80,ips,signature,7323,
44780,149,low,Nikto.Web.Scanner,HTTP,172.16.1.2,172.16.2.2,51158,80,ips,signature,7323,
44780,150,low,Nikto.Web.Scanner,HTTP,172.16.1.2,172.16.2.2,51160,80,ips,signature,7324,/config/config.txt
44780,150,low,Nikto.Web.Scanner,HTTP,172.16.1.2,172.16.2.2,51160,80,ips,signature,7324,
44780,151,low,Nikto.Web.Scanner,HTTP,172.16.1.2,172.16.2.2,51162,80,ips,signature,7325,/ccp14admin/
44780,151,low,Nikto.Web.Scanner,HTTP,172.16.1.2,172.16.2.2,51162,80,ips,signature,7325,
44780,152,low,Nikto.Web.Scanner,HTTP,172.16.1.2,172.16.2.2,51164,80,ips,signature,7326,/UserLogin/
32033,152,medium,VMware.Server.Directory.Traversal,HTTP,172.16.1.2,172.16.2.2,51164,80,ips,signature,7326,/sdk/%2E%2E/%2E%2E/%2E%2E/%2E%2E/%2E%2E/%2E%2E/etc/vmware/hostd/vmInventory.xml
44780,152,low,Nikto.Web.Scanner,HTTP,172.16.1.2,172.16.2.2,51164,80,ips,signature,7326,
44780,153,low,Nikto.Web.Scanner,HTTP,172.16.1.2,172.16.2.2,51166,80,ips,signature,7327,/
44780,154,low,Nikto.Web.Scanner,HTTP,172.16.1.2,172.16.2.2,51168,80,ips,signature,7328,/jk-status
29965,154,medium,Splunk.Web.Component.Parameter.Injection,HTTP,172.16.1.2,172.16.2.2,51168,80,ips,signature,7328,/en-GB/debug/sso
43336,154,high,Web.Server.Password.File.Access,HTTP,172.16.1.2,172.16.2.2,51168,80,ips,signature,7328,
44780,154,low,Nikto.Web.Scanner,HTTP,172.16.1.2,172.16.2.2,51168,80,ips,signature,7328,
29965,154,medium,Splunk.Web.Component.Parameter.Injection,HTTP,172.16.1.2,172.16.2.2,51168,80,ips,signature,7328,
44780,155,low,Nikto.Web.Scanner,HTTP,172.16.1.2,172.16.2.2,51170,80,ips,signature,7329,/servlet/hitcount
44780,155,low,Nikto.Web.Scanner,HTTP,172.16.1.2,172.16.2.2,51170,80,ips,signature,7329,
43336,156,high,Web.Server.Password.File.Access,HTTP,172.16.1.2,172.16.2.2,51172,80,ips,signature,7330,/htdocs/../../../../../../../../../../../etc/passwd
44780,157,low,Nikto.Web.Scanner,HTTP,172.16.1.2,172.16.2.2,51174,80,ips,signature,7331,/?-s
31752,157,high,PHP.CGI.Argument.Injection,HTTP,172.16.1.2,172.16.2.2,51174,80,ips,signature,7331,/login.php?-s
47202,157,high,TP-Link.TL-R600VPN.HTTP.Server.help.Information.Disclosure,HTTP,172.16.1.2,172.16.2.2,51174,80,ips,signature,7331,/help/../../../../../../../../../../../../../../../../etc/shadow
44780,157,low,Nikto.Web.Scanner,HTTP,172.16.1.2,172.16.2.2,51174,80,ips,signature,7331,
44780,158,low,Nikto.Web.Scanner,HTTP,172.16.1.2,172.16.2.2,51176,80,ips,signature,7332,/snoop/
44780,158,low,Nikto.Web.Scanner,HTTP,172.16.1.2,172.16.2.2,51176,80,ips,signature,7332,
