attackid,sessionid,repeated,severity,attack,service,srcip,dstip,srcport,dstport,subtype,eventtype,url
17533,3353721,1,medium,Apache.HTTP.Exhaust.Connection.DoS,HTTP,18.217.165.70,172.31.69.25,39714,80,ips,signature,/
17533,3353722,1,medium,Apache.HTTP.Exhaust.Connection.DoS,HTTP,18.217.165.70,172.31.69.25,39716,80,ips,signature,/
17533,3353726,1,medium,Apache.HTTP.Exhaust.Connection.DoS,HTTP,18.217.165.70,172.31.69.25,39724,80,ips,signature,/
17533,3353727,1,medium,Apache.HTTP.Exhaust.Connection.DoS,HTTP,18.217.165.70,172.31.69.25,39726,80,ips,signature,/
17533,3353728,1,medium,Apache.HTTP.Exhaust.Connection.DoS,HTTP,18.217.165.70,172.31.69.25,39728,80,ips,signature,/
17533,3353756,1,medium,Apache.HTTP.Exhaust.Connection.DoS,HTTP,18.217.165.70,172.31.69.25,39784,80,ips,signature,/
17533,3353761,1,medium,Apache.HTTP.Exhaust.Connection.DoS,HTTP,18.217.165.70,172.31.69.25,39794,80,ips,signature,/
17533,3353762,1,medium,Apache.HTTP.Exhaust.Connection.DoS,HTTP,18.217.165.70,172.31.69.25,39796,80,ips,signature,/
17533,3353799,1,medium,Apache.HTTP.Exhaust.Connection.DoS,HTTP,18.217.165.70,172.31.69.25,39870,80,ips,signature,/
17533,3353812,1,medium,Apache.HTTP.Exhaust.Connection.DoS,HTTP,18.217.165.70,172.31.69.25,39896,80,ips,signature,/
17533,3353815,1,medium,Apache.HTTP.Exhaust.Connection.DoS,HTTP,18.217.165.70,172.31.69.25,39902,80,ips,signature,/
17533,3353860,1,medium,Apache.HTTP.Exhaust.Connection.DoS,HTTP,18.217.165.70,172.31.69.25,39992,80,ips,signature,/
17533,3353876,1,medium,Apache.HTTP.Exhaust.Connection.DoS,HTTP,18.217.165.70,172.31.69.25,40024,80,ips,signature,/
17533,3353873,1,medium,Apache.HTTP.Exhaust.Connection.DoS,HTTP,18.217.165.70,172.31.69.25,40018,80,ips,signature,/
17533,3354091,1,medium,Apache.HTTP.Exhaust.Connection.DoS,HTTP,18.217.165.70,172.31.69.25,40454,80,ips,signature,/
17533,3354109,1,medium,Apache.HTTP.Exhaust.Connection.DoS,HTTP,18.217.165.70,172.31.69.25,40490,80,ips,signature,/
17533,3354111,1,medium,Apache.HTTP.Exhaust.Connection.DoS,HTTP,18.217.165.70,172.31.69.25,40494,80,ips,signature,/
17533,3354166,1,medium,Apache.HTTP.Exhaust.Connection.DoS,HTTP,18.217.165.70,172.31.69.25,40604,80,ips,signature,/
17533,3354180,1,medium,Apache.HTTP.Exhaust.Connection.DoS,HTTP,18.217.165.70,172.31.69.25,40632,80,ips,signature,/
17533,3354187,1,medium,Apache.HTTP.Exhaust.Connection.DoS,HTTP,18.217.165.70,172.31.69.25,40646,80,ips,signature,/
17533,3354277,1,medium,Apache.HTTP.Exhaust.Connection.DoS,HTTP,18.217.165.70,172.31.69.25,40826,80,ips,signature,/
17533,3354280,1,medium,Apache.HTTP.Exhaust.Connection.DoS,HTTP,18.217.165.70,172.31.69.25,40832,80,ips,signature,/
17533,3354283,1,medium,Apache.HTTP.Exhaust.Connection.DoS,HTTP,18.217.165.70,172.31.69.25,40838,80,ips,signature,/
17533,3354294,1,medium,Apache.HTTP.Exhaust.Connection.DoS,HTTP,18.217.165.70,172.31.69.25,40860,80,ips,signature,/
17533,3354342,1,medium,Apache.HTTP.Exhaust.Connection.DoS,HTTP,18.217.165.70,172.31.69.25,40956,80,ips,signature,/
17533,3354349,1,medium,Apache.HTTP.Exhaust.Connection.DoS,HTTP,18.217.165.70,172.31.69.25,40970,80,ips,signature,/
17533,3354359,1,medium,Apache.HTTP.Exhaust.Connection.DoS,HTTP,18.217.165.70,172.31.69.25,40990,80,ips,signature,/
17533,3354362,1,medium,Apache.HTTP.Exhaust.Connection.DoS,HTTP,18.217.165.70,172.31.69.25,40996,80,ips,signature,/
17533,3354374,1,medium,Apache.HTTP.Exhaust.Connection.DoS,HTTP,18.217.165.70,172.31.69.25,41020,80,ips,signature,/
17533,3354381,1,medium,Apache.HTTP.Exhaust.Connection.DoS,HTTP,18.217.165.70,172.31.69.25,41034,80,ips,signature,/
17533,3354386,1,medium,Apache.HTTP.Exhaust.Connection.DoS,HTTP,18.217.165.70,172.31.69.25,41044,80,ips,signature,/
17533,3354387,1,medium,Apache.HTTP.Exhaust.Connection.DoS,HTTP,18.217.165.70,172.31.69.25,41046,80,ips,signature,/
17533,3354396,1,medium,Apache.HTTP.Exhaust.Connection.DoS,HTTP,18.217.165.70,172.31.69.25,41064,80,ips,signature,/
17533,3354397,1,medium,Apache.HTTP.Exhaust.Connection.DoS,HTTP,18.217.165.70,172.31.69.25,41066,80,ips,signature,/
17533,3354398,1,medium,Apache.HTTP.Exhaust.Connection.DoS,HTTP,18.217.165.70,172.31.69.25,41068,80,ips,signature,/
17533,3354423,1,medium,Apache.HTTP.Exhaust.Connection.DoS,HTTP,18.217.165.70,172.31.69.25,41118,80,ips,signature,/
17533,3354434,1,medium,Apache.HTTP.Exhaust.Connection.DoS,HTTP,18.217.165.70,172.31.69.25,41140,80,ips,signature,/
17533,3354436,1,medium,Apache.HTTP.Exhaust.Connection.DoS,HTTP,18.217.165.70,172.31.69.25,41144,80,ips,signature,/
17533,3354457,1,medium,Apache.HTTP.Exhaust.Connection.DoS,HTTP,18.217.165.70,172.31.69.25,41186,80,ips,signature,/
17533,3354477,1,medium,Apache.HTTP.Exhaust.Connection.DoS,HTTP,18.217.165.70,172.31.69.25,41226,80,ips,signature,/
17533,3354478,1,medium,Apache.HTTP.Exhaust.Connection.DoS,HTTP,18.217.165.70,172.31.69.25,41228,80,ips,signature,/
17533,3354529,1,medium,Apache.HTTP.Exhaust.Connection.DoS,HTTP,18.217.165.70,172.31.69.25,41330,80,ips,signature,/
17533,3354638,1,medium,Apache.HTTP.Exhaust.Connection.DoS,HTTP,18.217.165.70,172.31.69.25,41548,80,ips,signature,/
17533,3354770,1,medium,Apache.HTTP.Exhaust.Connection.DoS,HTTP,18.217.165.70,172.31.69.25,41856,80,ips,signature,/
17533,3354867,1,medium,Apache.HTTP.Exhaust.Connection.DoS,HTTP,18.217.165.70,172.31.69.25,41862,80,ips,signature,/
17533,3354863,1,medium,Apache.HTTP.Exhaust.Connection.DoS,HTTP,18.217.165.70,172.31.69.25,42064,80,ips,signature,/
17533,3354868,1,medium,Apache.HTTP.Exhaust.Connection.DoS,HTTP,18.217.165.70,172.31.69.25,42072,80,ips,signature,/
17533,3354895,1,medium,Apache.HTTP.Exhaust.Connection.DoS,HTTP,18.217.165.70,172.31.69.25,42122,80,ips,signature,/
17533,3354897,1,medium,Apache.HTTP.Exhaust.Connection.DoS,HTTP,18.217.165.70,172.31.69.25,42124,80,ips,signature,/
17533,3354930,1,medium,Apache.HTTP.Exhaust.Connection.DoS,HTTP,18.217.165.70,172.31.69.25,42192,80,ips,signature,/
17533,3354953,1,medium,Apache.HTTP.Exhaust.Connection.DoS,HTTP,18.217.165.70,172.31.69.25,42226,80,ips,signature,/
17533,3355024,1,medium,Apache.HTTP.Exhaust.Connection.DoS,HTTP,18.217.165.70,172.31.69.25,42266,80,ips,signature,/
17533,3354974,1,medium,Apache.HTTP.Exhaust.Connection.DoS,HTTP,18.217.165.70,172.31.69.25,42280,80,ips,signature,/
17533,3355001,1,medium,Apache.HTTP.Exhaust.Connection.DoS,HTTP,18.217.165.70,172.31.69.25,42338,80,ips,signature,/
17533,3355004,1,medium,Apache.HTTP.Exhaust.Connection.DoS,HTTP,18.217.165.70,172.31.69.25,42344,80,ips,signature,/
17533,3355011,1,medium,Apache.HTTP.Exhaust.Connection.DoS,HTTP,18.217.165.70,172.31.69.25,42360,80,ips,signature,/
17533,3355110,1,medium,Apache.HTTP.Exhaust.Connection.DoS,HTTP,18.217.165.70,172.31.69.25,42466,80,ips,signature,/
17533,3355117,1,medium,Apache.HTTP.Exhaust.Connection.DoS,HTTP,18.217.165.70,172.31.69.25,42478,80,ips,signature,/
17533,3355098,1,medium,Apache.HTTP.Exhaust.Connection.DoS,HTTP,18.217.165.70,172.31.69.25,42594,80,ips,signature,/
17533,3355210,1,medium,Apache.HTTP.Exhaust.Connection.DoS,HTTP,18.217.165.70,172.31.69.25,42812,80,ips,signature,/
17533,3355250,1,medium,Apache.HTTP.Exhaust.Connection.DoS,HTTP,18.217.165.70,172.31.69.25,42918,80,ips,signature,/
17533,3355315,1,medium,Apache.HTTP.Exhaust.Connection.DoS,HTTP,18.217.165.70,172.31.69.25,43064,80,ips,signature,/
17533,3355338,1,medium,Apache.HTTP.Exhaust.Connection.DoS,HTTP,18.217.165.70,172.31.69.25,43098,80,ips,signature,/
17533,3355383,1,medium,Apache.HTTP.Exhaust.Connection.DoS,HTTP,18.217.165.70,172.31.69.25,43180,80,ips,signature,/
17533,3355476,1,medium,Apache.HTTP.Exhaust.Connection.DoS,HTTP,18.217.165.70,172.31.69.25,43220,80,ips,signature,/
17533,3355409,1,medium,Apache.HTTP.Exhaust.Connection.DoS,HTTP,18.217.165.70,172.31.69.25,43250,80,ips,signature,/
17533,3355410,1,medium,Apache.HTTP.Exhaust.Connection.DoS,HTTP,18.217.165.70,172.31.69.25,43252,80,ips,signature,/
17533,3355462,1,medium,Apache.HTTP.Exhaust.Connection.DoS,HTTP,18.217.165.70,172.31.69.25,43354,80,ips,signature,/
17533,3355478,1,medium,Apache.HTTP.Exhaust.Connection.DoS,HTTP,18.217.165.70,172.31.69.25,43384,80,ips,signature,/
17533,3355508,1,medium,Apache.HTTP.Exhaust.Connection.DoS,HTTP,18.217.165.70,172.31.69.25,43458,80,ips,signature,/
17533,3355525,1,medium,Apache.HTTP.Exhaust.Connection.DoS,HTTP,18.217.165.70,172.31.69.25,43504,80,ips,signature,/
17533,3355526,1,medium,Apache.HTTP.Exhaust.Connection.DoS,HTTP,18.217.165.70,172.31.69.25,43506,80,ips,signature,/
17533,3355530,1,medium,Apache.HTTP.Exhaust.Connection.DoS,HTTP,18.217.165.70,172.31.69.25,43514,80,ips,signature,/
17533,3355531,1,medium,Apache.HTTP.Exhaust.Connection.DoS,HTTP,18.217.165.70,172.31.69.25,43520,80,ips,signature,/
17533,3355931,1,medium,Apache.HTTP.Exhaust.Connection.DoS,HTTP,18.217.165.70,172.31.69.25,44200,80,ips,signature,/
17533,3355858,1,medium,Apache.HTTP.Exhaust.Connection.DoS,HTTP,18.217.165.70,172.31.69.25,44288,80,ips,signature,/
17533,3355891,1,medium,Apache.HTTP.Exhaust.Connection.DoS,HTTP,18.217.165.70,172.31.69.25,44348,80,ips,signature,/
17533,3355944,1,medium,Apache.HTTP.Exhaust.Connection.DoS,HTTP,18.217.165.70,172.31.69.25,44434,80,ips,signature,/
17533,3355948,1,medium,Apache.HTTP.Exhaust.Connection.DoS,HTTP,18.217.165.70,172.31.69.25,44462,80,ips,signature,/
17533,3356072,1,medium,Apache.HTTP.Exhaust.Connection.DoS,HTTP,18.217.165.70,172.31.69.25,44734,80,ips,signature,/
17533,3356031,1,medium,Apache.HTTP.Exhaust.Connection.DoS,HTTP,18.217.165.70,172.31.69.25,44812,80,ips,signature,/
17533,3356063,1,medium,Apache.HTTP.Exhaust.Connection.DoS,HTTP,18.217.165.70,172.31.69.25,44858,80,ips,signature,/
17533,3356145,1,medium,Apache.HTTP.Exhaust.Connection.DoS,HTTP,18.217.165.70,172.31.69.25,45014,80,ips,signature,/
17533,3356146,1,medium,Apache.HTTP.Exhaust.Connection.DoS,HTTP,18.217.165.70,172.31.69.25,45016,80,ips,signature,/
17533,3356253,1,medium,Apache.HTTP.Exhaust.Connection.DoS,HTTP,18.217.165.70,172.31.69.25,45266,80,ips,signature,/
17533,3356437,1,medium,Apache.HTTP.Exhaust.Connection.DoS,HTTP,18.217.165.70,172.31.69.25,45524,80,ips,signature,/
17533,3356436,1,medium,Apache.HTTP.Exhaust.Connection.DoS,HTTP,18.217.165.70,172.31.69.25,45530,80,ips,signature,/
17533,3356462,1,medium,Apache.HTTP.Exhaust.Connection.DoS,HTTP,18.217.165.70,172.31.69.25,45582,80,ips,signature,/
17533,3356427,1,medium,Apache.HTTP.Exhaust.Connection.DoS,HTTP,18.217.165.70,172.31.69.25,45704,80,ips,signature,/
17533,3356440,1,medium,Apache.HTTP.Exhaust.Connection.DoS,HTTP,18.217.165.70,172.31.69.25,45740,80,ips,signature,/
17533,3356507,1,medium,Apache.HTTP.Exhaust.Connection.DoS,HTTP,18.217.165.70,172.31.69.25,45886,80,ips,signature,/
17533,3356512,1,medium,Apache.HTTP.Exhaust.Connection.DoS,HTTP,18.217.165.70,172.31.69.25,45904,80,ips,signature,/
17533,3356532,1,medium,Apache.HTTP.Exhaust.Connection.DoS,HTTP,18.217.165.70,172.31.69.25,45942,80,ips,signature,/
17533,3356533,1,medium,Apache.HTTP.Exhaust.Connection.DoS,HTTP,18.217.165.70,172.31.69.25,45946,80,ips,signature,/
17533,3356588,1,medium,Apache.HTTP.Exhaust.Connection.DoS,HTTP,18.217.165.70,172.31.69.25,45948,80,ips,signature,/
17533,3356589,1,medium,Apache.HTTP.Exhaust.Connection.DoS,HTTP,18.217.165.70,172.31.69.25,45950,80,ips,signature,/
17533,3356620,1,medium,Apache.HTTP.Exhaust.Connection.DoS,HTTP,18.217.165.70,172.31.69.25,46004,80,ips,signature,/
17533,3356559,1,medium,Apache.HTTP.Exhaust.Connection.DoS,HTTP,18.217.165.70,172.31.69.25,46034,80,ips,signature,/
17533,3356619,1,medium,Apache.HTTP.Exhaust.Connection.DoS,HTTP,18.217.165.70,172.31.69.25,46144,80,ips,signature,/
17533,3356665,1,medium,Apache.HTTP.Exhaust.Connection.DoS,HTTP,18.217.165.70,172.31.69.25,46248,80,ips,signature,/
17533,3356669,1,medium,Apache.HTTP.Exhaust.Connection.DoS,HTTP,18.217.165.70,172.31.69.25,46254,80,ips,signature,/
17533,3356672,1,medium,Apache.HTTP.Exhaust.Connection.DoS,HTTP,18.217.165.70,172.31.69.25,46258,80,ips,signature,/
17533,3356721,1,medium,Apache.HTTP.Exhaust.Connection.DoS,HTTP,18.217.165.70,172.31.69.25,46362,80,ips,signature,/
17533,3356941,1,medium,Apache.HTTP.Exhaust.Connection.DoS,HTTP,18.217.165.70,172.31.69.25,46678,80,ips,signature,/
17533,3356871,1,medium,Apache.HTTP.Exhaust.Connection.DoS,HTTP,18.217.165.70,172.31.69.25,46762,80,ips,signature,/
17533,3357061,1,medium,Apache.HTTP.Exhaust.Connection.DoS,HTTP,18.217.165.70,172.31.69.25,47028,80,ips,signature,/
17533,3357066,1,medium,Apache.HTTP.Exhaust.Connection.DoS,HTTP,18.217.165.70,172.31.69.25,47230,80,ips,signature,/
17533,3357076,1,medium,Apache.HTTP.Exhaust.Connection.DoS,HTTP,18.217.165.70,172.31.69.25,47256,80,ips,signature,/
17533,3357081,1,medium,Apache.HTTP.Exhaust.Connection.DoS,HTTP,18.217.165.70,172.31.69.25,47258,80,ips,signature,/
17533,3357089,1,medium,Apache.HTTP.Exhaust.Connection.DoS,HTTP,18.217.165.70,172.31.69.25,47270,80,ips,signature,/
17533,3357110,1,medium,Apache.HTTP.Exhaust.Connection.DoS,HTTP,18.217.165.70,172.31.69.25,47328,80,ips,signature,/
17533,3357114,1,medium,Apache.HTTP.Exhaust.Connection.DoS,HTTP,18.217.165.70,172.31.69.25,47336,80,ips,signature,/
17533,3357207,1,medium,Apache.HTTP.Exhaust.Connection.DoS,HTTP,18.217.165.70,172.31.69.25,47388,80,ips,signature,/
17533,3357195,1,medium,Apache.HTTP.Exhaust.Connection.DoS,HTTP,18.217.165.70,172.31.69.25,47504,80,ips,signature,/
17533,3357196,1,medium,Apache.HTTP.Exhaust.Connection.DoS,HTTP,18.217.165.70,172.31.69.25,47506,80,ips,signature,/
17533,3357211,1,medium,Apache.HTTP.Exhaust.Connection.DoS,HTTP,18.217.165.70,172.31.69.25,47548,80,ips,signature,/
17533,3357318,1,medium,Apache.HTTP.Exhaust.Connection.DoS,HTTP,18.217.165.70,172.31.69.25,47792,80,ips,signature,/
17533,3357477,1,medium,Apache.HTTP.Exhaust.Connection.DoS,HTTP,18.217.165.70,172.31.69.25,48126,80,ips,signature,/
17533,3357510,1,medium,Apache.HTTP.Exhaust.Connection.DoS,HTTP,18.217.165.70,172.31.69.25,48198,80,ips,signature,/
17533,3357627,1,medium,Apache.HTTP.Exhaust.Connection.DoS,HTTP,18.217.165.70,172.31.69.25,48458,80,ips,signature,/
17533,3357648,1,medium,Apache.HTTP.Exhaust.Connection.DoS,HTTP,18.217.165.70,172.31.69.25,48498,80,ips,signature,/
17533,3357740,1,medium,Apache.HTTP.Exhaust.Connection.DoS,HTTP,18.217.165.70,172.31.69.25,48706,80,ips,signature,/
17533,3357774,1,medium,Apache.HTTP.Exhaust.Connection.DoS,HTTP,18.217.165.70,172.31.69.25,48780,80,ips,signature,/
17533,3358149,1,medium,Apache.HTTP.Exhaust.Connection.DoS,HTTP,18.217.165.70,172.31.69.25,49574,80,ips,signature,/
17533,3358166,1,medium,Apache.HTTP.Exhaust.Connection.DoS,HTTP,18.217.165.70,172.31.69.25,49762,80,ips,signature,/
17533,3358170,1,medium,Apache.HTTP.Exhaust.Connection.DoS,HTTP,18.217.165.70,172.31.69.25,49764,80,ips,signature,/
17533,3358295,1,medium,Apache.HTTP.Exhaust.Connection.DoS,HTTP,18.217.165.70,172.31.69.25,50098,80,ips,signature,/
17533,3358294,1,medium,Apache.HTTP.Exhaust.Connection.DoS,HTTP,18.217.165.70,172.31.69.25,50096,80,ips,signature,/
17533,3358470,1,medium,Apache.HTTP.Exhaust.Connection.DoS,HTTP,18.217.165.70,172.31.69.25,50546,80,ips,signature,/
17533,3358564,1,medium,Apache.HTTP.Exhaust.Connection.DoS,HTTP,18.217.165.70,172.31.69.25,50752,80,ips,signature,/
17533,3358660,1,medium,Apache.HTTP.Exhaust.Connection.DoS,HTTP,18.217.165.70,172.31.69.25,50956,80,ips,signature,/
17533,3352832,2,medium,Apache.HTTP.Exhaust.Connection.DoS,HTTP,18.217.165.70,172.31.69.25,37876,80,ips,signature,
17533,3352833,2,medium,Apache.HTTP.Exhaust.Connection.DoS,HTTP,18.217.165.70,172.31.69.25,37878,80,ips,signature,
17533,3352834,2,medium,Apache.HTTP.Exhaust.Connection.DoS,HTTP,18.217.165.70,172.31.69.25,37880,80,ips,signature,
17533,3352835,2,medium,Apache.HTTP.Exhaust.Connection.DoS,HTTP,18.217.165.70,172.31.69.25,37882,80,ips,signature,
17533,3352836,2,medium,Apache.HTTP.Exhaust.Connection.DoS,HTTP,18.217.165.70,172.31.69.25,37884,80,ips,signature,
17533,3352837,2,medium,Apache.HTTP.Exhaust.Connection.DoS,HTTP,18.217.165.70,172.31.69.25,37886,80,ips,signature,
17533,3352838,2,medium,Apache.HTTP.Exhaust.Connection.DoS,HTTP,18.217.165.70,172.31.69.25,37888,80,ips,signature,
17533,3352839,2,medium,Apache.HTTP.Exhaust.Connection.DoS,HTTP,18.217.165.70,172.31.69.25,37890,80,ips,signature,
17533,3352840,2,medium,Apache.HTTP.Exhaust.Connection.DoS,HTTP,18.217.165.70,172.31.69.25,37892,80,ips,signature,
17533,3352841,2,medium,Apache.HTTP.Exhaust.Connection.DoS,HTTP,18.217.165.70,172.31.69.25,37894,80,ips,signature,
17533,3352842,2,medium,Apache.HTTP.Exhaust.Connection.DoS,HTTP,18.217.165.70,172.31.69.25,37896,80,ips,signature,
17533,3352843,2,medium,Apache.HTTP.Exhaust.Connection.DoS,HTTP,18.217.165.70,172.31.69.25,37898,80,ips,signature,
17533,3352845,2,medium,Apache.HTTP.Exhaust.Connection.DoS,HTTP,18.217.165.70,172.31.69.25,37902,80,ips,signature,
17533,3352846,1,medium,Apache.HTTP.Exhaust.Connection.DoS,HTTP,18.217.165.70,172.31.69.25,37904,80,ips,signature,
17533,3352847,2,medium,Apache.HTTP.Exhaust.Connection.DoS,HTTP,18.217.165.70,172.31.69.25,37906,80,ips,signature,
17533,3352848,4,medium,Apache.HTTP.Exhaust.Connection.DoS,HTTP,18.217.165.70,172.31.69.25,37908,80,ips,signature,
17533,3352849,2,medium,Apache.HTTP.Exhaust.Connection.DoS,HTTP,18.217.165.70,172.31.69.25,37910,80,ips,signature,
17533,3352850,1,medium,Apache.HTTP.Exhaust.Connection.DoS,HTTP,18.217.165.70,172.31.69.25,37912,80,ips,signature,
17533,3352864,2,medium,Apache.HTTP.Exhaust.Connection.DoS,HTTP,18.217.165.70,172.31.69.25,37940,80,ips,signature,
17533,3352865,1,medium,Apache.HTTP.Exhaust.Connection.DoS,HTTP,18.217.165.70,172.31.69.25,37942,80,ips,signature,
17533,3352866,1,medium,Apache.HTTP.Exhaust.Connection.DoS,HTTP,18.217.165.70,172.31.69.25,37944,80,ips,signature,
17533,3352867,2,medium,Apache.HTTP.Exhaust.Connection.DoS,HTTP,18.217.165.70,172.31.69.25,37946,80,ips,signature,
17533,3352868,2,medium,Apache.HTTP.Exhaust.Connection.DoS,HTTP,18.217.165.70,172.31.69.25,37948,80,ips,signature,
17533,3352869,1,medium,Apache.HTTP.Exhaust.Connection.DoS,HTTP,18.217.165.70,172.31.69.25,37950,80,ips,signature,
17533,3352870,1,medium,Apache.HTTP.Exhaust.Connection.DoS,HTTP,18.217.165.70,172.31.69.25,37952,80,ips,signature,
17533,3352871,2,medium,Apache.HTTP.Exhaust.Connection.DoS,HTTP,18.217.165.70,172.31.69.25,37954,80,ips,signature,
17533,3352872,1,medium,Apache.HTTP.Exhaust.Connection.DoS,HTTP,18.217.165.70,172.31.69.25,37956,80,ips,signature,
17533,3352873,2,medium,Apache.HTTP.Exhaust.Connection.DoS,HTTP,18.217.165.70,172.31.69.25,37958,80,ips,signature,
17533,3352874,2,medium,Apache.HTTP.Exhaust.Connection.DoS,HTTP,18.217.165.70,172.31.69.25,37960,80,ips,signature,
17533,3352875,1,medium,Apache.HTTP.Exhaust.Connection.DoS,HTTP,18.217.165.70,172.31.69.25,37962,80,ips,signature,
17533,3352876,2,medium,Apache.HTTP.Exhaust.Connection.DoS,HTTP,18.217.165.70,172.31.69.25,37964,80,ips,signature,
17533,3352882,3,medium,Apache.HTTP.Exhaust.Connection.DoS,HTTP,18.217.165.70,172.31.69.25,37976,80,ips,signature,
17533,3352883,3,medium,Apache.HTTP.Exhaust.Connection.DoS,HTTP,18.217.165.70,172.31.69.25,37978,80,ips,signature,
17533,3352884,3,medium,Apache.HTTP.Exhaust.Connection.DoS,HTTP,18.217.165.70,172.31.69.25,37980,80,ips,signature,
17533,3352885,4,medium,Apache.HTTP.Exhaust.Connection.DoS,HTTP,18.217.165.70,172.31.69.25,37982,80,ips,signature,
17533,3352886,3,medium,Apache.HTTP.Exhaust.Connection.DoS,HTTP,18.217.165.70,172.31.69.25,37984,80,ips,signature,
17533,3352887,3,medium,Apache.HTTP.Exhaust.Connection.DoS,HTTP,18.217.165.70,172.31.69.25,37986,80,ips,signature,
17533,3352888,3,medium,Apache.HTTP.Exhaust.Connection.DoS,HTTP,18.217.165.70,172.31.69.25,37988,80,ips,signature,
17533,3352889,3,medium,Apache.HTTP.Exhaust.Connection.DoS,HTTP,18.217.165.70,172.31.69.25,37990,80,ips,signature,
17533,3352890,3,medium,Apache.HTTP.Exhaust.Connection.DoS,HTTP,18.217.165.70,172.31.69.25,37992,80,ips,signature,
17533,3352891,3,medium,Apache.HTTP.Exhaust.Connection.DoS,HTTP,18.217.165.70,172.31.69.25,37994,80,ips,signature,
17533,3352892,3,medium,Apache.HTTP.Exhaust.Connection.DoS,HTTP,18.217.165.70,172.31.69.25,37996,80,ips,signature,
17533,3352893,3,medium,Apache.HTTP.Exhaust.Connection.DoS,HTTP,18.217.165.70,172.31.69.25,37998,80,ips,signature,
17533,3352894,3,medium,Apache.HTTP.Exhaust.Connection.DoS,HTTP,18.217.165.70,172.31.69.25,38000,80,ips,signature,
17533,3352895,3,medium,Apache.HTTP.Exhaust.Connection.DoS,HTTP,18.217.165.70,172.31.69.25,38002,80,ips,signature,
17533,3352896,3,medium,Apache.HTTP.Exhaust.Connection.DoS,HTTP,18.217.165.70,172.31.69.25,38004,80,ips,signature,
17533,3352897,2,medium,Apache.HTTP.Exhaust.Connection.DoS,HTTP,18.217.165.70,172.31.69.25,38006,80,ips,signature,
17533,3352898,1,medium,Apache.HTTP.Exhaust.Connection.DoS,HTTP,18.217.165.70,172.31.69.25,38008,80,ips,signature,
17533,3352899,3,medium,Apache.HTTP.Exhaust.Connection.DoS,HTTP,18.217.165.70,172.31.69.25,38010,80,ips,signature,
17533,3352900,5,medium,Apache.HTTP.Exhaust.Connection.DoS,HTTP,18.217.165.70,172.31.69.25,38012,80,ips,signature,
17533,3352909,2,medium,Apache.HTTP.Exhaust.Connection.DoS,HTTP,18.217.165.70,172.31.69.25,38030,80,ips,signature,
17533,3352910,3,medium,Apache.HTTP.Exhaust.Connection.DoS,HTTP,18.217.165.70,172.31.69.25,38032,80,ips,signature,
17533,3352911,2,medium,Apache.HTTP.Exhaust.Connection.DoS,HTTP,18.217.165.70,172.31.69.25,38034,80,ips,signature,
17533,3352912,3,medium,Apache.HTTP.Exhaust.Connection.DoS,HTTP,18.217.165.70,172.31.69.25,38036,80,ips,signature,
17533,3352913,2,medium,Apache.HTTP.Exhaust.Connection.DoS,HTTP,18.217.165.70,172.31.69.25,38038,80,ips,signature,
17533,3352914,3,medium,Apache.HTTP.Exhaust.Connection.DoS,HTTP,18.217.165.70,172.31.69.25,38040,80,ips,signature,
17533,3352915,2,medium,Apache.HTTP.Exhaust.Connection.DoS,HTTP,18.217.165.70,172.31.69.25,38042,80,ips,signature,
17533,3352916,3,medium,Apache.HTTP.Exhaust.Connection.DoS,HTTP,18.217.165.70,172.31.69.25,38044,80,ips,signature,
17533,3352917,2,medium,Apache.HTTP.Exhaust.Connection.DoS,HTTP,18.217.165.70,172.31.69.25,38046,80,ips,signature,
17533,3352918,3,medium,Apache.HTTP.Exhaust.Connection.DoS,HTTP,18.217.165.70,172.31.69.25,38048,80,ips,signature,
17533,3352919,2,medium,Apache.HTTP.Exhaust.Connection.DoS,HTTP,18.217.165.70,172.31.69.25,38050,80,ips,signature,
17533,3352920,3,medium,Apache.HTTP.Exhaust.Connection.DoS,HTTP,18.217.165.70,172.31.69.25,38052,80,ips,signature,
17533,3352921,2,medium,Apache.HTTP.Exhaust.Connection.DoS,HTTP,18.217.165.70,172.31.69.25,38054,80,ips,signature,
17533,3352922,3,medium,Apache.HTTP.Exhaust.Connection.DoS,HTTP,18.217.165.70,172.31.69.25,38056,80,ips,signature,
17533,3352924,3,medium,Apache.HTTP.Exhaust.Connection.DoS,HTTP,18.217.165.70,172.31.69.25,38120,80,ips,signature,
17533,3352925,2,medium,Apache.HTTP.Exhaust.Connection.DoS,HTTP,18.217.165.70,172.31.69.25,38122,80,ips,signature,
17533,3352926,3,medium,Apache.HTTP.Exhaust.Connection.DoS,HTTP,18.217.165.70,172.31.69.25,38124,80,ips,signature,
17533,3352927,2,medium,Apache.HTTP.Exhaust.Connection.DoS,HTTP,18.217.165.70,172.31.69.25,38126,80,ips,signature,
17533,3352928,3,medium,Apache.HTTP.Exhaust.Connection.DoS,HTTP,18.217.165.70,172.31.69.25,38128,80,ips,signature,
17533,3352929,3,medium,Apache.HTTP.Exhaust.Connection.DoS,HTTP,18.217.165.70,172.31.69.25,38130,80,ips,signature,
17533,3352930,3,medium,Apache.HTTP.Exhaust.Connection.DoS,HTTP,18.217.165.70,172.31.69.25,38132,80,ips,signature,
17533,3352931,2,medium,Apache.HTTP.Exhaust.Connection.DoS,HTTP,18.217.165.70,172.31.69.25,38134,80,ips,signature,
17533,3352932,3,medium,Apache.HTTP.Exhaust.Connection.DoS,HTTP,18.217.165.70,172.31.69.25,38136,80,ips,signature,
17533,3352933,3,medium,Apache.HTTP.Exhaust.Connection.DoS,HTTP,18.217.165.70,172.31.69.25,38138,80,ips,signature,
17533,3352934,2,medium,Apache.HTTP.Exhaust.Connection.DoS,HTTP,18.217.165.70,172.31.69.25,38140,80,ips,signature,
17533,3352935,4,medium,Apache.HTTP.Exhaust.Connection.DoS,HTTP,18.217.165.70,172.31.69.25,38142,80,ips,signature,
17533,3352936,2,medium,Apache.HTTP.Exhaust.Connection.DoS,HTTP,18.217.165.70,172.31.69.25,38144,80,ips,signature,
17533,3352937,3,medium,Apache.HTTP.Exhaust.Connection.DoS,HTTP,18.217.165.70,172.31.69.25,38146,80,ips,signature,
17533,3352938,3,medium,Apache.HTTP.Exhaust.Connection.DoS,HTTP,18.217.165.70,172.31.69.25,38148,80,ips,signature,
17533,3352939,3,medium,Apache.HTTP.Exhaust.Connection.DoS,HTTP,18.217.165.70,172.31.69.25,38150,80,ips,signature,
17533,3352940,2,medium,Apache.HTTP.Exhaust.Connection.DoS,HTTP,18.217.165.70,172.31.69.25,38152,80,ips,signature,
17533,3352941,3,medium,Apache.HTTP.Exhaust.Connection.DoS,HTTP,18.217.165.70,172.31.69.25,38154,80,ips,signature,
17533,3352942,3,medium,Apache.HTTP.Exhaust.Connection.DoS,HTTP,18.217.165.70,172.31.69.25,38156,80,ips,signature,
17533,3352943,3,medium,Apache.HTTP.Exhaust.Connection.DoS,HTTP,18.217.165.70,172.31.69.25,38158,80,ips,signature,
17533,3352944,3,medium,Apache.HTTP.Exhaust.Connection.DoS,HTTP,18.217.165.70,172.31.69.25,38160,80,ips,signature,
17533,3352945,1,medium,Apache.HTTP.Exhaust.Connection.DoS,HTTP,18.217.165.70,172.31.69.25,38162,80,ips,signature,
17533,3352946,3,medium,Apache.HTTP.Exhaust.Connection.DoS,HTTP,18.217.165.70,172.31.69.25,38164,80,ips,signature,
17533,3352947,4,medium,Apache.HTTP.Exhaust.Connection.DoS,HTTP,18.217.165.70,172.31.69.25,38166,80,ips,signature,
17533,3352948,1,medium,Apache.HTTP.Exhaust.Connection.DoS,HTTP,18.217.165.70,172.31.69.25,38168,80,ips,signature,
17533,3352949,3,medium,Apache.HTTP.Exhaust.Connection.DoS,HTTP,18.217.165.70,172.31.69.25,38170,80,ips,signature,
17533,3352950,4,medium,Apache.HTTP.Exhaust.Connection.DoS,HTTP,18.217.165.70,172.31.69.25,38172,80,ips,signature,
17533,3352951,3,medium,Apache.HTTP.Exhaust.Connection.DoS,HTTP,18.217.165.70,172.31.69.25,38174,80,ips,signature,
17533,3352952,3,medium,Apache.HTTP.Exhaust.Connection.DoS,HTTP,18.217.165.70,172.31.69.25,38176,80,ips,signature,
17533,3352953,1,medium,Apache.HTTP.Exhaust.Connection.DoS,HTTP,18.217.165.70,172.31.69.25,38178,80,ips,signature,
17533,3352954,3,medium,Apache.HTTP.Exhaust.Connection.DoS,HTTP,18.217.165.70,172.31.69.25,38180,80,ips,signature,
17533,3352955,4,medium,Apache.HTTP.Exhaust.Connection.DoS,HTTP,18.217.165.70,172.31.69.25,38182,80,ips,signature,
17533,3352956,3,medium,Apache.HTTP.Exhaust.Connection.DoS,HTTP,18.217.165.70,172.31.69.25,38184,80,ips,signature,
17533,3352957,1,medium,Apache.HTTP.Exhaust.Connection.DoS,HTTP,18.217.165.70,172.31.69.25,38186,80,ips,signature,
17533,3352958,3,medium,Apache.HTTP.Exhaust.Connection.DoS,HTTP,18.217.165.70,172.31.69.25,38188,80,ips,signature,
17533,3352959,4,medium,Apache.HTTP.Exhaust.Connection.DoS,HTTP,18.217.165.70,172.31.69.25,38190,80,ips,signature,
17533,3352960,3,medium,Apache.HTTP.Exhaust.Connection.DoS,HTTP,18.217.165.70,172.31.69.25,38192,80,ips,signature,
17533,3352705,2,medium,Apache.HTTP.Exhaust.Connection.DoS,HTTP,18.217.165.70,172.31.69.25,37622,80,ips,signature,
17533,3352961,1,medium,Apache.HTTP.Exhaust.Connection.DoS,HTTP,18.217.165.70,172.31.69.25,38194,80,ips,signature,
17533,3352962,3,medium,Apache.HTTP.Exhaust.Connection.DoS,HTTP,18.217.165.70,172.31.69.25,38196,80,ips,signature,
17533,3352706,2,medium,Apache.HTTP.Exhaust.Connection.DoS,HTTP,18.217.165.70,172.31.69.25,37624,80,ips,signature,
17533,3352963,4,medium,Apache.HTTP.Exhaust.Connection.DoS,HTTP,18.217.165.70,172.31.69.25,38198,80,ips,signature,
17533,3352707,2,medium,Apache.HTTP.Exhaust.Connection.DoS,HTTP,18.217.165.70,172.31.69.25,37626,80,ips,signature,
17533,3352964,3,medium,Apache.HTTP.Exhaust.Connection.DoS,HTTP,18.217.165.70,172.31.69.25,38200,80,ips,signature,
17533,3352708,2,medium,Apache.HTTP.Exhaust.Connection.DoS,HTTP,18.217.165.70,172.31.69.25,37628,80,ips,signature,
17533,3352709,2,medium,Apache.HTTP.Exhaust.Connection.DoS,HTTP,18.217.165.70,172.31.69.25,37630,80,ips,signature,
17533,3352965,1,medium,Apache.HTTP.Exhaust.Connection.DoS,HTTP,18.217.165.70,172.31.69.25,38202,80,ips,signature,
17533,3352966,3,medium,Apache.HTTP.Exhaust.Connection.DoS,HTTP,18.217.165.70,172.31.69.25,38204,80,ips,signature,
17533,3352710,2,medium,Apache.HTTP.Exhaust.Connection.DoS,HTTP,18.217.165.70,172.31.69.25,37632,80,ips,signature,
17533,3352967,4,medium,Apache.HTTP.Exhaust.Connection.DoS,HTTP,18.217.165.70,172.31.69.25,38206,80,ips,signature,
17533,3352711,2,medium,Apache.HTTP.Exhaust.Connection.DoS,HTTP,18.217.165.70,172.31.69.25,37634,80,ips,signature,
17533,3352968,3,medium,Apache.HTTP.Exhaust.Connection.DoS,HTTP,18.217.165.70,172.31.69.25,38208,80,ips,signature,
17533,3352712,2,medium,Apache.HTTP.Exhaust.Connection.DoS,HTTP,18.217.165.70,172.31.69.25,37636,80,ips,signature,
17533,3352713,2,medium,Apache.HTTP.Exhaust.Connection.DoS,HTTP,18.217.165.70,172.31.69.25,37638,80,ips,signature,
17533,3352969,1,medium,Apache.HTTP.Exhaust.Connection.DoS,HTTP,18.217.165.70,172.31.69.25,38210,80,ips,signature,
17533,3352970,3,medium,Apache.HTTP.Exhaust.Connection.DoS,HTTP,18.217.165.70,172.31.69.25,38212,80,ips,signature,
17533,3352714,2,medium,Apache.HTTP.Exhaust.Connection.DoS,HTTP,18.217.165.70,172.31.69.25,37640,80,ips,signature,
17533,3352715,2,medium,Apache.HTTP.Exhaust.Connection.DoS,HTTP,18.217.165.70,172.31.69.25,37642,80,ips,signature,
17533,3352716,2,medium,Apache.HTTP.Exhaust.Connection.DoS,HTTP,18.217.165.70,172.31.69.25,37644,80,ips,signature,
17533,3352717,2,medium,Apache.HTTP.Exhaust.Connection.DoS,HTTP,18.217.165.70,172.31.69.25,37646,80,ips,signature,
17533,3352718,2,medium,Apache.HTTP.Exhaust.Connection.DoS,HTTP,18.217.165.70,172.31.69.25,37648,80,ips,signature,
17533,3352975,1,medium,Apache.HTTP.Exhaust.Connection.DoS,HTTP,18.217.165.70,172.31.69.25,38222,80,ips,signature,
17533,3352719,2,medium,Apache.HTTP.Exhaust.Connection.DoS,HTTP,18.217.165.70,172.31.69.25,37650,80,ips,signature,
17533,3352720,2,medium,Apache.HTTP.Exhaust.Connection.DoS,HTTP,18.217.165.70,172.31.69.25,37652,80,ips,signature,
17533,3352976,1,medium,Apache.HTTP.Exhaust.Connection.DoS,HTTP,18.217.165.70,172.31.69.25,38224,80,ips,signature,
17533,3352977,2,medium,Apache.HTTP.Exhaust.Connection.DoS,HTTP,18.217.165.70,172.31.69.25,38226,80,ips,signature,
17533,3352721,2,medium,Apache.HTTP.Exhaust.Connection.DoS,HTTP,18.217.165.70,172.31.69.25,37654,80,ips,signature,
17533,3352978,2,medium,Apache.HTTP.Exhaust.Connection.DoS,HTTP,18.217.165.70,172.31.69.25,38228,80,ips,signature,
17533,3352722,2,medium,Apache.HTTP.Exhaust.Connection.DoS,HTTP,18.217.165.70,172.31.69.25,37656,80,ips,signature,
17533,3352723,2,medium,Apache.HTTP.Exhaust.Connection.DoS,HTTP,18.217.165.70,172.31.69.25,37658,80,ips,signature,
17533,3352979,1,medium,Apache.HTTP.Exhaust.Connection.DoS,HTTP,18.217.165.70,172.31.69.25,38230,80,ips,signature,
17533,3352980,2,medium,Apache.HTTP.Exhaust.Connection.DoS,HTTP,18.217.165.70,172.31.69.25,38232,80,ips,signature,
17533,3352724,2,medium,Apache.HTTP.Exhaust.Connection.DoS,HTTP,18.217.165.70,172.31.69.25,37660,80,ips,signature,
17533,3352981,2,medium,Apache.HTTP.Exhaust.Connection.DoS,HTTP,18.217.165.70,172.31.69.25,38234,80,ips,signature,
17533,3352725,2,medium,Apache.HTTP.Exhaust.Connection.DoS,HTTP,18.217.165.70,172.31.69.25,37662,80,ips,signature,
17533,3352726,2,medium,Apache.HTTP.Exhaust.Connection.DoS,HTTP,18.217.165.70,172.31.69.25,37664,80,ips,signature,
17533,3352982,1,medium,Apache.HTTP.Exhaust.Connection.DoS,HTTP,18.217.165.70,172.31.69.25,38236,80,ips,signature,
17533,3352727,2,medium,Apache.HTTP.Exhaust.Connection.DoS,HTTP,18.217.165.70,172.31.69.25,37666,80,ips,signature,
17533,3352983,1,medium,Apache.HTTP.Exhaust.Connection.DoS,HTTP,18.217.165.70,172.31.69.25,38238,80,ips,signature,
17533,3352984,1,medium,Apache.HTTP.Exhaust.Connection.DoS,HTTP,18.217.165.70,172.31.69.25,38240,80,ips,signature,
17533,3352728,2,medium,Apache.HTTP.Exhaust.Connection.DoS,HTTP,18.217.165.70,172.31.69.25,37668,80,ips,signature,
17533,3352729,2,medium,Apache.HTTP.Exhaust.Connection.DoS,HTTP,18.217.165.70,172.31.69.25,37670,80,ips,signature,
17533,3352730,2,medium,Apache.HTTP.Exhaust.Connection.DoS,HTTP,18.217.165.70,172.31.69.25,37672,80,ips,signature,
17533,3352731,3,medium,Apache.HTTP.Exhaust.Connection.DoS,HTTP,18.217.165.70,172.31.69.25,37674,80,ips,signature,
17533,3352732,2,medium,Apache.HTTP.Exhaust.Connection.DoS,HTTP,18.217.165.70,172.31.69.25,37676,80,ips,signature,
17533,3352733,2,medium,Apache.HTTP.Exhaust.Connection.DoS,HTTP,18.217.165.70,172.31.69.25,37678,80,ips,signature,
17533,3352734,5,medium,Apache.HTTP.Exhaust.Connection.DoS,HTTP,18.217.165.70,172.31.69.25,37680,80,ips,signature,
17533,3352735,2,medium,Apache.HTTP.Exhaust.Connection.DoS,HTTP,18.217.165.70,172.31.69.25,37682,80,ips,signature,
17533,3352736,2,medium,Apache.HTTP.Exhaust.Connection.DoS,HTTP,18.217.165.70,172.31.69.25,37684,80,ips,signature,
17533,3352737,2,medium,Apache.HTTP.Exhaust.Connection.DoS,HTTP,18.217.165.70,172.31.69.25,37686,80,ips,signature,
17533,3352738,2,medium,Apache.HTTP.Exhaust.Connection.DoS,HTTP,18.217.165.70,172.31.69.25,37688,80,ips,signature,
17533,3352739,2,medium,Apache.HTTP.Exhaust.Connection.DoS,HTTP,18.217.165.70,172.31.69.25,37690,80,ips,signature,
17533,3352740,2,medium,Apache.HTTP.Exhaust.Connection.DoS,HTTP,18.217.165.70,172.31.69.25,37692,80,ips,signature,
17533,3352741,2,medium,Apache.HTTP.Exhaust.Connection.DoS,HTTP,18.217.165.70,172.31.69.25,37694,80,ips,signature,
17533,3352742,2,medium,Apache.HTTP.Exhaust.Connection.DoS,HTTP,18.217.165.70,172.31.69.25,37696,80,ips,signature,
17533,3352743,2,medium,Apache.HTTP.Exhaust.Connection.DoS,HTTP,18.217.165.70,172.31.69.25,37698,80,ips,signature,
17533,3352744,2,medium,Apache.HTTP.Exhaust.Connection.DoS,HTTP,18.217.165.70,172.31.69.25,37700,80,ips,signature,
17533,3352745,2,medium,Apache.HTTP.Exhaust.Connection.DoS,HTTP,18.217.165.70,172.31.69.25,37702,80,ips,signature,
17533,3352746,2,medium,Apache.HTTP.Exhaust.Connection.DoS,HTTP,18.217.165.70,172.31.69.25,37704,80,ips,signature,
17533,3352747,4,medium,Apache.HTTP.Exhaust.Connection.DoS,HTTP,18.217.165.70,172.31.69.25,37706,80,ips,signature,
17533,3352748,2,medium,Apache.HTTP.Exhaust.Connection.DoS,HTTP,18.217.165.70,172.31.69.25,37708,80,ips,signature,
17533,3352749,2,medium,Apache.HTTP.Exhaust.Connection.DoS,HTTP,18.217.165.70,172.31.69.25,37710,80,ips,signature,
17533,3352750,4,medium,Apache.HTTP.Exhaust.Connection.DoS,HTTP,18.217.165.70,172.31.69.25,37712,80,ips,signature,
17533,3352751,4,medium,Apache.HTTP.Exhaust.Connection.DoS,HTTP,18.217.165.70,172.31.69.25,37714,80,ips,signature,
17533,3352752,4,medium,Apache.HTTP.Exhaust.Connection.DoS,HTTP,18.217.165.70,172.31.69.25,37716,80,ips,signature,
17533,3352753,4,medium,Apache.HTTP.Exhaust.Connection.DoS,HTTP,18.217.165.70,172.31.69.25,37718,80,ips,signature,
17533,3352754,3,medium,Apache.HTTP.Exhaust.Connection.DoS,HTTP,18.217.165.70,172.31.69.25,37720,80,ips,signature,
17533,3352755,4,medium,Apache.HTTP.Exhaust.Connection.DoS,HTTP,18.217.165.70,172.31.69.25,37722,80,ips,signature,
17533,3352756,4,medium,Apache.HTTP.Exhaust.Connection.DoS,HTTP,18.217.165.70,172.31.69.25,37724,80,ips,signature,
17533,3352757,4,medium,Apache.HTTP.Exhaust.Connection.DoS,HTTP,18.217.165.70,172.31.69.25,37726,80,ips,signature,
17533,3352758,4,medium,Apache.HTTP.Exhaust.Connection.DoS,HTTP,18.217.165.70,172.31.69.25,37728,80,ips,signature,
17533,3352759,2,medium,Apache.HTTP.Exhaust.Connection.DoS,HTTP,18.217.165.70,172.31.69.25,37730,80,ips,signature,
17533,3352760,3,medium,Apache.HTTP.Exhaust.Connection.DoS,HTTP,18.217.165.70,172.31.69.25,37732,80,ips,signature,
17533,3352761,2,medium,Apache.HTTP.Exhaust.Connection.DoS,HTTP,18.217.165.70,172.31.69.25,37734,80,ips,signature,
17533,3352762,4,medium,Apache.HTTP.Exhaust.Connection.DoS,HTTP,18.217.165.70,172.31.69.25,37736,80,ips,signature,
17533,3352763,3,medium,Apache.HTTP.Exhaust.Connection.DoS,HTTP,18.217.165.70,172.31.69.25,37738,80,ips,signature,
17533,3352764,4,medium,Apache.HTTP.Exhaust.Connection.DoS,HTTP,18.217.165.70,172.31.69.25,37740,80,ips,signature,
17533,3352765,3,medium,Apache.HTTP.Exhaust.Connection.DoS,HTTP,18.217.165.70,172.31.69.25,37742,80,ips,signature,
17533,3352766,4,medium,Apache.HTTP.Exhaust.Connection.DoS,HTTP,18.217.165.70,172.31.69.25,37744,80,ips,signature,
17533,3352767,3,medium,Apache.HTTP.Exhaust.Connection.DoS,HTTP,18.217.165.70,172.31.69.25,37746,80,ips,signature,
17533,3352768,3,medium,Apache.HTTP.Exhaust.Connection.DoS,HTTP,18.217.165.70,172.31.69.25,37748,80,ips,signature,
17533,3352769,3,medium,Apache.HTTP.Exhaust.Connection.DoS,HTTP,18.217.165.70,172.31.69.25,37750,80,ips,signature,
17533,3352770,3,medium,Apache.HTTP.Exhaust.Connection.DoS,HTTP,18.217.165.70,172.31.69.25,37752,80,ips,signature,
17533,3352771,3,medium,Apache.HTTP.Exhaust.Connection.DoS,HTTP,18.217.165.70,172.31.69.25,37754,80,ips,signature,
17533,3352772,3,medium,Apache.HTTP.Exhaust.Connection.DoS,HTTP,18.217.165.70,172.31.69.25,37756,80,ips,signature,
17533,3352773,3,medium,Apache.HTTP.Exhaust.Connection.DoS,HTTP,18.217.165.70,172.31.69.25,37758,80,ips,signature,
17533,3352774,3,medium,Apache.HTTP.Exhaust.Connection.DoS,HTTP,18.217.165.70,172.31.69.25,37760,80,ips,signature,
17533,3352776,3,medium,Apache.HTTP.Exhaust.Connection.DoS,HTTP,18.217.165.70,172.31.69.25,37764,80,ips,signature,
17533,3352777,3,medium,Apache.HTTP.Exhaust.Connection.DoS,HTTP,18.217.165.70,172.31.69.25,37766,80,ips,signature,
17533,3352778,3,medium,Apache.HTTP.Exhaust.Connection.DoS,HTTP,18.217.165.70,172.31.69.25,37768,80,ips,signature,
17533,3352779,3,medium,Apache.HTTP.Exhaust.Connection.DoS,HTTP,18.217.165.70,172.31.69.25,37770,80,ips,signature,
17533,3352780,3,medium,Apache.HTTP.Exhaust.Connection.DoS,HTTP,18.217.165.70,172.31.69.25,37772,80,ips,signature,
17533,3352781,4,medium,Apache.HTTP.Exhaust.Connection.DoS,HTTP,18.217.165.70,172.31.69.25,37774,80,ips,signature,
17533,3352782,3,medium,Apache.HTTP.Exhaust.Connection.DoS,HTTP,18.217.165.70,172.31.69.25,37776,80,ips,signature,
17533,3352783,3,medium,Apache.HTTP.Exhaust.Connection.DoS,HTTP,18.217.165.70,172.31.69.25,37778,80,ips,signature,
17533,3352784,3,medium,Apache.HTTP.Exhaust.Connection.DoS,HTTP,18.217.165.70,172.31.69.25,37780,80,ips,signature,
17533,3352785,7,medium,Apache.HTTP.Exhaust.Connection.DoS,HTTP,18.217.165.70,172.31.69.25,37782,80,ips,signature,
17533,3352786,3,medium,Apache.HTTP.Exhaust.Connection.DoS,HTTP,18.217.165.70,172.31.69.25,37784,80,ips,signature,
17533,3352787,4,medium,Apache.HTTP.Exhaust.Connection.DoS,HTTP,18.217.165.70,172.31.69.25,37786,80,ips,signature,
17533,3352788,3,medium,Apache.HTTP.Exhaust.Connection.DoS,HTTP,18.217.165.70,172.31.69.25,37788,80,ips,signature,
17533,3352789,4,medium,Apache.HTTP.Exhaust.Connection.DoS,HTTP,18.217.165.70,172.31.69.25,37790,80,ips,signature,
17533,3352790,3,medium,Apache.HTTP.Exhaust.Connection.DoS,HTTP,18.217.165.70,172.31.69.25,37792,80,ips,signature,
17533,3352791,4,medium,Apache.HTTP.Exhaust.Connection.DoS,HTTP,18.217.165.70,172.31.69.25,37794,80,ips,signature,
17533,3352792,3,medium,Apache.HTTP.Exhaust.Connection.DoS,HTTP,18.217.165.70,172.31.69.25,37796,80,ips,signature,
17533,3352793,3,medium,Apache.HTTP.Exhaust.Connection.DoS,HTTP,18.217.165.70,172.31.69.25,37798,80,ips,signature,
17533,3352794,3,medium,Apache.HTTP.Exhaust.Connection.DoS,HTTP,18.217.165.70,172.31.69.25,37800,80,ips,signature,
17533,3352795,3,medium,Apache.HTTP.Exhaust.Connection.DoS,HTTP,18.217.165.70,172.31.69.25,37802,80,ips,signature,
17533,3352796,3,medium,Apache.HTTP.Exhaust.Connection.DoS,HTTP,18.217.165.70,172.31.69.25,37804,80,ips,signature,
17533,3352797,3,medium,Apache.HTTP.Exhaust.Connection.DoS,HTTP,18.217.165.70,172.31.69.25,37806,80,ips,signature,
17533,3352798,3,medium,Apache.HTTP.Exhaust.Connection.DoS,HTTP,18.217.165.70,172.31.69.25,37808,80,ips,signature,
17533,3354505,1,medium,Apache.HTTP.Exhaust.Connection.DoS,HTTP,18.217.165.70,172.31.69.25,41282,80,ips,signature,/
17533,3354507,1,medium,Apache.HTTP.Exhaust.Connection.DoS,HTTP,18.217.165.70,172.31.69.25,41286,80,ips,signature,/
17533,3354756,1,medium,Apache.HTTP.Exhaust.Connection.DoS,HTTP,18.217.165.70,172.31.69.25,41828,80,ips,signature,/
17533,3354823,1,medium,Apache.HTTP.Exhaust.Connection.DoS,HTTP,18.217.165.70,172.31.69.25,41980,80,ips,signature,/
17533,3354828,1,medium,Apache.HTTP.Exhaust.Connection.DoS,HTTP,18.217.165.70,172.31.69.25,41988,80,ips,signature,/
17533,3355010,1,medium,Apache.HTTP.Exhaust.Connection.DoS,HTTP,18.217.165.70,172.31.69.25,42358,80,ips,signature,/
17533,3354938,1,medium,Apache.HTTP.Exhaust.Connection.DoS,HTTP,18.217.165.70,172.31.69.25,42204,80,ips,signature,/
17533,3355000,1,medium,Apache.HTTP.Exhaust.Connection.DoS,HTTP,18.217.165.70,172.31.69.25,42336,80,ips,signature,/
17533,3354987,1,medium,Apache.HTTP.Exhaust.Connection.DoS,HTTP,18.217.165.70,172.31.69.25,42304,80,ips,signature,/
17533,3355181,1,medium,Apache.HTTP.Exhaust.Connection.DoS,HTTP,18.217.165.70,172.31.69.25,42752,80,ips,signature,/
17533,3355118,1,medium,Apache.HTTP.Exhaust.Connection.DoS,HTTP,18.217.165.70,172.31.69.25,42474,80,ips,signature,/
17533,3355334,1,medium,Apache.HTTP.Exhaust.Connection.DoS,HTTP,18.217.165.70,172.31.69.25,43092,80,ips,signature,/
17533,3352836,1,medium,Apache.HTTP.Exhaust.Connection.DoS,HTTP,18.217.165.70,172.31.69.25,37884,80,ips,signature,/
17533,3355536,1,medium,Apache.HTTP.Exhaust.Connection.DoS,HTTP,18.217.165.70,172.31.69.25,43532,80,ips,signature,/
17533,3355535,1,medium,Apache.HTTP.Exhaust.Connection.DoS,HTTP,18.217.165.70,172.31.69.25,43528,80,ips,signature,/
17533,3355567,1,medium,Apache.HTTP.Exhaust.Connection.DoS,HTTP,18.217.165.70,172.31.69.25,43584,80,ips,signature,/
17533,3355565,1,medium,Apache.HTTP.Exhaust.Connection.DoS,HTTP,18.217.165.70,172.31.69.25,43580,80,ips,signature,/
17533,3355646,1,medium,Apache.HTTP.Exhaust.Connection.DoS,HTTP,18.217.165.70,172.31.69.25,43748,80,ips,signature,/
17533,3355599,1,medium,Apache.HTTP.Exhaust.Connection.DoS,HTTP,18.217.165.70,172.31.69.25,43660,80,ips,signature,/
17533,3355606,1,medium,Apache.HTTP.Exhaust.Connection.DoS,HTTP,18.217.165.70,172.31.69.25,43672,80,ips,signature,/
17533,3355749,1,medium,Apache.HTTP.Exhaust.Connection.DoS,HTTP,18.217.165.70,172.31.69.25,43956,80,ips,signature,/
17533,3355692,1,medium,Apache.HTTP.Exhaust.Connection.DoS,HTTP,18.217.165.70,172.31.69.25,43832,80,ips,signature,/
17533,3355748,1,medium,Apache.HTTP.Exhaust.Connection.DoS,HTTP,18.217.165.70,172.31.69.25,43954,80,ips,signature,/
17533,3355648,1,medium,Apache.HTTP.Exhaust.Connection.DoS,HTTP,18.217.165.70,172.31.69.25,43752,80,ips,signature,/
17533,3355665,1,medium,Apache.HTTP.Exhaust.Connection.DoS,HTTP,18.217.165.70,172.31.69.25,43788,80,ips,signature,/
17533,3355822,1,medium,Apache.HTTP.Exhaust.Connection.DoS,HTTP,18.217.165.70,172.31.69.25,44098,80,ips,signature,/
17533,3355789,1,medium,Apache.HTTP.Exhaust.Connection.DoS,HTTP,18.217.165.70,172.31.69.25,44030,80,ips,signature,/
17533,3352926,1,medium,Apache.HTTP.Exhaust.Connection.DoS,HTTP,18.217.165.70,172.31.69.25,38124,80,ips,signature,/
17533,3356004,1,medium,Apache.HTTP.Exhaust.Connection.DoS,HTTP,18.217.165.70,172.31.69.25,44630,80,ips,signature,/
17533,3356075,1,medium,Apache.HTTP.Exhaust.Connection.DoS,HTTP,18.217.165.70,172.31.69.25,44880,80,ips,signature,/
17533,3356068,1,medium,Apache.HTTP.Exhaust.Connection.DoS,HTTP,18.217.165.70,172.31.69.25,44728,80,ips,signature,/
17533,3356129,1,medium,Apache.HTTP.Exhaust.Connection.DoS,HTTP,18.217.165.70,172.31.69.25,44984,80,ips,signature,/
17533,3352834,1,medium,Apache.HTTP.Exhaust.Connection.DoS,HTTP,18.217.165.70,172.31.69.25,37880,80,ips,signature,/
17533,3352837,1,medium,Apache.HTTP.Exhaust.Connection.DoS,HTTP,18.217.165.70,172.31.69.25,37886,80,ips,signature,/
17533,3352841,1,medium,Apache.HTTP.Exhaust.Connection.DoS,HTTP,18.217.165.70,172.31.69.25,37894,80,ips,signature,/
17533,3352843,1,medium,Apache.HTTP.Exhaust.Connection.DoS,HTTP,18.217.165.70,172.31.69.25,37898,80,ips,signature,/
17533,3352847,1,medium,Apache.HTTP.Exhaust.Connection.DoS,HTTP,18.217.165.70,172.31.69.25,37906,80,ips,signature,/
17533,3352873,1,medium,Apache.HTTP.Exhaust.Connection.DoS,HTTP,18.217.165.70,172.31.69.25,37958,80,ips,signature,/
17533,3352874,1,medium,Apache.HTTP.Exhaust.Connection.DoS,HTTP,18.217.165.70,172.31.69.25,37960,80,ips,signature,/
17533,3352977,1,medium,Apache.HTTP.Exhaust.Connection.DoS,HTTP,18.217.165.70,172.31.69.25,38226,80,ips,signature,/
17533,3352922,1,medium,Apache.HTTP.Exhaust.Connection.DoS,HTTP,18.217.165.70,172.31.69.25,38056,80,ips,signature,/
17533,3356394,1,medium,Apache.HTTP.Exhaust.Connection.DoS,HTTP,18.217.165.70,172.31.69.25,45434,80,ips,signature,/
17533,3356349,1,medium,Apache.HTTP.Exhaust.Connection.DoS,HTTP,18.217.165.70,172.31.69.25,45492,80,ips,signature,/
17533,3356391,1,medium,Apache.HTTP.Exhaust.Connection.DoS,HTTP,18.217.165.70,172.31.69.25,45630,80,ips,signature,/
17533,3352928,1,medium,Apache.HTTP.Exhaust.Connection.DoS,HTTP,18.217.165.70,172.31.69.25,38128,80,ips,signature,/
17533,3356428,1,medium,Apache.HTTP.Exhaust.Connection.DoS,HTTP,18.217.165.70,172.31.69.25,45710,80,ips,signature,/
17533,3352828,1,medium,Apache.HTTP.Exhaust.Connection.DoS,HTTP,18.217.165.70,172.31.69.25,37868,80,ips,signature,/
17533,3356331,1,medium,Apache.HTTP.Exhaust.Connection.DoS,HTTP,18.217.165.70,172.31.69.25,45446,80,ips,signature,/
17533,3356351,1,medium,Apache.HTTP.Exhaust.Connection.DoS,HTTP,18.217.165.70,172.31.69.25,45498,80,ips,signature,/
17533,3356607,1,medium,Apache.HTTP.Exhaust.Connection.DoS,HTTP,18.217.165.70,172.31.69.25,46120,80,ips,signature,/
17533,3356821,1,medium,Apache.HTTP.Exhaust.Connection.DoS,HTTP,18.217.165.70,172.31.69.25,46622,80,ips,signature,/
17533,3356822,1,medium,Apache.HTTP.Exhaust.Connection.DoS,HTTP,18.217.165.70,172.31.69.25,46624,80,ips,signature,/
17533,3357107,1,medium,Apache.HTTP.Exhaust.Connection.DoS,HTTP,18.217.165.70,172.31.69.25,47320,80,ips,signature,/
17533,3357069,1,medium,Apache.HTTP.Exhaust.Connection.DoS,HTTP,18.217.165.70,172.31.69.25,47234,80,ips,signature,/
17533,3357025,1,medium,Apache.HTTP.Exhaust.Connection.DoS,HTTP,18.217.165.70,172.31.69.25,46938,80,ips,signature,/
17533,3352965,1,medium,Apache.HTTP.Exhaust.Connection.DoS,HTTP,18.217.165.70,172.31.69.25,38202,80,ips,signature,/
17533,3357094,1,medium,Apache.HTTP.Exhaust.Connection.DoS,HTTP,18.217.165.70,172.31.69.25,47282,80,ips,signature,/
17533,3352924,1,medium,Apache.HTTP.Exhaust.Connection.DoS,HTTP,18.217.165.70,172.31.69.25,38120,80,ips,signature,/
17533,3357136,1,medium,Apache.HTTP.Exhaust.Connection.DoS,HTTP,18.217.165.70,172.31.69.25,47386,80,ips,signature,/
17533,3357169,1,medium,Apache.HTTP.Exhaust.Connection.DoS,HTTP,18.217.165.70,172.31.69.25,47332,80,ips,signature,/
17533,3352868,1,medium,Apache.HTTP.Exhaust.Connection.DoS,HTTP,18.217.165.70,172.31.69.25,37948,80,ips,signature,/
17533,3357272,1,medium,Apache.HTTP.Exhaust.Connection.DoS,HTTP,18.217.165.70,172.31.69.25,47672,80,ips,signature,/
17533,3352865,1,medium,Apache.HTTP.Exhaust.Connection.DoS,HTTP,18.217.165.70,172.31.69.25,37942,80,ips,signature,/
17533,3352866,1,medium,Apache.HTTP.Exhaust.Connection.DoS,HTTP,18.217.165.70,172.31.69.25,37944,80,ips,signature,/
17533,3352869,1,medium,Apache.HTTP.Exhaust.Connection.DoS,HTTP,18.217.165.70,172.31.69.25,37950,80,ips,signature,/
17533,3352916,1,medium,Apache.HTTP.Exhaust.Connection.DoS,HTTP,18.217.165.70,172.31.69.25,38044,80,ips,signature,/
17533,3352918,1,medium,Apache.HTTP.Exhaust.Connection.DoS,HTTP,18.217.165.70,172.31.69.25,38048,80,ips,signature,/
17533,3352920,1,medium,Apache.HTTP.Exhaust.Connection.DoS,HTTP,18.217.165.70,172.31.69.25,38052,80,ips,signature,/
17533,3357379,1,medium,Apache.HTTP.Exhaust.Connection.DoS,HTTP,18.217.165.70,172.31.69.25,47948,80,ips,signature,/
17533,3357462,1,medium,Apache.HTTP.Exhaust.Connection.DoS,HTTP,18.217.165.70,172.31.69.25,48088,80,ips,signature,/
17533,3357534,1,medium,Apache.HTTP.Exhaust.Connection.DoS,HTTP,18.217.165.70,172.31.69.25,48250,80,ips,signature,/
17533,3357678,1,medium,Apache.HTTP.Exhaust.Connection.DoS,HTTP,18.217.165.70,172.31.69.25,48572,80,ips,signature,/
17533,3357722,1,medium,Apache.HTTP.Exhaust.Connection.DoS,HTTP,18.217.165.70,172.31.69.25,48666,80,ips,signature,/
17533,3352889,1,medium,Apache.HTTP.Exhaust.Connection.DoS,HTTP,18.217.165.70,172.31.69.25,37990,80,ips,signature,/
17533,3352930,1,medium,Apache.HTTP.Exhaust.Connection.DoS,HTTP,18.217.165.70,172.31.69.25,38132,80,ips,signature,/
17533,3357703,1,medium,Apache.HTTP.Exhaust.Connection.DoS,HTTP,18.217.165.70,172.31.69.25,48632,80,ips,signature,/
17533,3357702,1,medium,Apache.HTTP.Exhaust.Connection.DoS,HTTP,18.217.165.70,172.31.69.25,48630,80,ips,signature,/
17533,3352978,1,medium,Apache.HTTP.Exhaust.Connection.DoS,HTTP,18.217.165.70,172.31.69.25,38228,80,ips,signature,/
17533,3352981,1,medium,Apache.HTTP.Exhaust.Connection.DoS,HTTP,18.217.165.70,172.31.69.25,38234,80,ips,signature,/
17533,3357679,1,medium,Apache.HTTP.Exhaust.Connection.DoS,HTTP,18.217.165.70,172.31.69.25,48582,80,ips,signature,/
17533,3352839,1,medium,Apache.HTTP.Exhaust.Connection.DoS,HTTP,18.217.165.70,172.31.69.25,37890,80,ips,signature,/
17533,3352803,1,medium,Apache.HTTP.Exhaust.Connection.DoS,HTTP,18.217.165.70,172.31.69.25,37818,80,ips,signature,/
17533,3352805,1,medium,Apache.HTTP.Exhaust.Connection.DoS,HTTP,18.217.165.70,172.31.69.25,37822,80,ips,signature,/
17533,3352807,1,medium,Apache.HTTP.Exhaust.Connection.DoS,HTTP,18.217.165.70,172.31.69.25,37826,80,ips,signature,/
17533,3352809,1,medium,Apache.HTTP.Exhaust.Connection.DoS,HTTP,18.217.165.70,172.31.69.25,37830,80,ips,signature,/
17533,3352867,1,medium,Apache.HTTP.Exhaust.Connection.DoS,HTTP,18.217.165.70,172.31.69.25,37946,80,ips,signature,/
17533,3357800,1,medium,Apache.HTTP.Exhaust.Connection.DoS,HTTP,18.217.165.70,172.31.69.25,48844,80,ips,signature,/
17533,3357692,1,medium,Apache.HTTP.Exhaust.Connection.DoS,HTTP,18.217.165.70,172.31.69.25,48600,80,ips,signature,/
17533,3357875,1,medium,Apache.HTTP.Exhaust.Connection.DoS,HTTP,18.217.165.70,172.31.69.25,48908,80,ips,signature,/
17533,3357826,1,medium,Apache.HTTP.Exhaust.Connection.DoS,HTTP,18.217.165.70,172.31.69.25,48920,80,ips,signature,/
17533,3352888,1,medium,Apache.HTTP.Exhaust.Connection.DoS,HTTP,18.217.165.70,172.31.69.25,37988,80,ips,signature,/
17533,3352932,1,medium,Apache.HTTP.Exhaust.Connection.DoS,HTTP,18.217.165.70,172.31.69.25,38136,80,ips,signature,/
17533,3352933,1,medium,Apache.HTTP.Exhaust.Connection.DoS,HTTP,18.217.165.70,172.31.69.25,38138,80,ips,signature,/
17533,3352897,1,medium,Apache.HTTP.Exhaust.Connection.DoS,HTTP,18.217.165.70,172.31.69.25,38006,80,ips,signature,/
17533,3352909,1,medium,Apache.HTTP.Exhaust.Connection.DoS,HTTP,18.217.165.70,172.31.69.25,38030,80,ips,signature,/
17533,3352911,1,medium,Apache.HTTP.Exhaust.Connection.DoS,HTTP,18.217.165.70,172.31.69.25,38034,80,ips,signature,/
17533,3352913,1,medium,Apache.HTTP.Exhaust.Connection.DoS,HTTP,18.217.165.70,172.31.69.25,38038,80,ips,signature,/
17533,3352917,1,medium,Apache.HTTP.Exhaust.Connection.DoS,HTTP,18.217.165.70,172.31.69.25,38046,80,ips,signature,/
17533,3352921,1,medium,Apache.HTTP.Exhaust.Connection.DoS,HTTP,18.217.165.70,172.31.69.25,38054,80,ips,signature,/
17533,3357996,1,medium,Apache.HTTP.Exhaust.Connection.DoS,HTTP,18.217.165.70,172.31.69.25,49330,80,ips,signature,/
17533,3358046,1,medium,Apache.HTTP.Exhaust.Connection.DoS,HTTP,18.217.165.70,172.31.69.25,49508,80,ips,signature,/
17533,3358082,1,medium,Apache.HTTP.Exhaust.Connection.DoS,HTTP,18.217.165.70,172.31.69.25,49396,80,ips,signature,/
17533,3352799,1,medium,Apache.HTTP.Exhaust.Connection.DoS,HTTP,18.217.165.70,172.31.69.25,37810,80,ips,signature,/
17533,3352801,1,medium,Apache.HTTP.Exhaust.Connection.DoS,HTTP,18.217.165.70,172.31.69.25,37814,80,ips,signature,/
17533,3352813,1,medium,Apache.HTTP.Exhaust.Connection.DoS,HTTP,18.217.165.70,172.31.69.25,37838,80,ips,signature,/
17533,3352815,1,medium,Apache.HTTP.Exhaust.Connection.DoS,HTTP,18.217.165.70,172.31.69.25,37842,80,ips,signature,/
17533,3352817,1,medium,Apache.HTTP.Exhaust.Connection.DoS,HTTP,18.217.165.70,172.31.69.25,37846,80,ips,signature,/
17533,3352864,1,medium,Apache.HTTP.Exhaust.Connection.DoS,HTTP,18.217.165.70,172.31.69.25,37940,80,ips,signature,/
17533,3352980,1,medium,Apache.HTTP.Exhaust.Connection.DoS,HTTP,18.217.165.70,172.31.69.25,38232,80,ips,signature,/
17533,3352875,1,medium,Apache.HTTP.Exhaust.Connection.DoS,HTTP,18.217.165.70,172.31.69.25,37962,80,ips,signature,/
17533,3352982,1,medium,Apache.HTTP.Exhaust.Connection.DoS,HTTP,18.217.165.70,172.31.69.25,38236,80,ips,signature,/
17533,3358115,1,medium,Apache.HTTP.Exhaust.Connection.DoS,HTTP,18.217.165.70,172.31.69.25,49490,80,ips,signature,/
17533,3357938,1,medium,Apache.HTTP.Exhaust.Connection.DoS,HTTP,18.217.165.70,172.31.69.25,49206,80,ips,signature,/
17533,3358084,1,medium,Apache.HTTP.Exhaust.Connection.DoS,HTTP,18.217.165.70,172.31.69.25,49590,80,ips,signature,/
17533,3357959,1,medium,Apache.HTTP.Exhaust.Connection.DoS,HTTP,18.217.165.70,172.31.69.25,49246,80,ips,signature,/
17533,3352886,1,medium,Apache.HTTP.Exhaust.Connection.DoS,HTTP,18.217.165.70,172.31.69.25,37984,80,ips,signature,/
17533,3352935,1,medium,Apache.HTTP.Exhaust.Connection.DoS,HTTP,18.217.165.70,172.31.69.25,38142,80,ips,signature,/
17533,3352937,1,medium,Apache.HTTP.Exhaust.Connection.DoS,HTTP,18.217.165.70,172.31.69.25,38146,80,ips,signature,/
17533,3352941,1,medium,Apache.HTTP.Exhaust.Connection.DoS,HTTP,18.217.165.70,172.31.69.25,38154,80,ips,signature,/
17533,3352969,1,medium,Apache.HTTP.Exhaust.Connection.DoS,HTTP,18.217.165.70,172.31.69.25,38210,80,ips,signature,/
17533,3358176,1,medium,Apache.HTTP.Exhaust.Connection.DoS,HTTP,18.217.165.70,172.31.69.25,49642,80,ips,signature,/
17533,3358266,1,medium,Apache.HTTP.Exhaust.Connection.DoS,HTTP,18.217.165.70,172.31.69.25,49834,80,ips,signature,/
17533,3352931,1,medium,Apache.HTTP.Exhaust.Connection.DoS,HTTP,18.217.165.70,172.31.69.25,38134,80,ips,signature,/
17533,3352934,1,medium,Apache.HTTP.Exhaust.Connection.DoS,HTTP,18.217.165.70,172.31.69.25,38140,80,ips,signature,/
17533,3352936,1,medium,Apache.HTTP.Exhaust.Connection.DoS,HTTP,18.217.165.70,172.31.69.25,38144,80,ips,signature,/
17533,3352938,1,medium,Apache.HTTP.Exhaust.Connection.DoS,HTTP,18.217.165.70,172.31.69.25,38148,80,ips,signature,/
17533,3352940,1,medium,Apache.HTTP.Exhaust.Connection.DoS,HTTP,18.217.165.70,172.31.69.25,38152,80,ips,signature,/
17533,3352952,1,medium,Apache.HTTP.Exhaust.Connection.DoS,HTTP,18.217.165.70,172.31.69.25,38176,80,ips,signature,/
17533,3352956,1,medium,Apache.HTTP.Exhaust.Connection.DoS,HTTP,18.217.165.70,172.31.69.25,38184,80,ips,signature,/
17533,3352964,1,medium,Apache.HTTP.Exhaust.Connection.DoS,HTTP,18.217.165.70,172.31.69.25,38200,80,ips,signature,/
17533,3352968,1,medium,Apache.HTTP.Exhaust.Connection.DoS,HTTP,18.217.165.70,172.31.69.25,38208,80,ips,signature,/
17533,3352823,1,medium,Apache.HTTP.Exhaust.Connection.DoS,HTTP,18.217.165.70,172.31.69.25,37858,80,ips,signature,/
17533,3352827,1,medium,Apache.HTTP.Exhaust.Connection.DoS,HTTP,18.217.165.70,172.31.69.25,37866,80,ips,signature,/
17533,3352830,1,medium,Apache.HTTP.Exhaust.Connection.DoS,HTTP,18.217.165.70,172.31.69.25,37872,80,ips,signature,/
17533,3352831,1,medium,Apache.HTTP.Exhaust.Connection.DoS,HTTP,18.217.165.70,172.31.69.25,37874,80,ips,signature,/
17533,3358147,1,medium,Apache.HTTP.Exhaust.Connection.DoS,HTTP,18.217.165.70,172.31.69.25,49726,80,ips,signature,/
17533,3358290,1,medium,Apache.HTTP.Exhaust.Connection.DoS,HTTP,18.217.165.70,172.31.69.25,50088,80,ips,signature,/
17533,3352887,1,medium,Apache.HTTP.Exhaust.Connection.DoS,HTTP,18.217.165.70,172.31.69.25,37986,80,ips,signature,/
17533,3352890,1,medium,Apache.HTTP.Exhaust.Connection.DoS,HTTP,18.217.165.70,172.31.69.25,37992,80,ips,signature,/
17533,3352894,1,medium,Apache.HTTP.Exhaust.Connection.DoS,HTTP,18.217.165.70,172.31.69.25,38000,80,ips,signature,/
17533,3352895,1,medium,Apache.HTTP.Exhaust.Connection.DoS,HTTP,18.217.165.70,172.31.69.25,38002,80,ips,signature,/
17533,3352896,1,medium,Apache.HTTP.Exhaust.Connection.DoS,HTTP,18.217.165.70,172.31.69.25,38004,80,ips,signature,/
17533,3352910,1,medium,Apache.HTTP.Exhaust.Connection.DoS,HTTP,18.217.165.70,172.31.69.25,38032,80,ips,signature,/
17533,3352912,1,medium,Apache.HTTP.Exhaust.Connection.DoS,HTTP,18.217.165.70,172.31.69.25,38036,80,ips,signature,/
17533,3352914,1,medium,Apache.HTTP.Exhaust.Connection.DoS,HTTP,18.217.165.70,172.31.69.25,38040,80,ips,signature,/
17533,3352939,1,medium,Apache.HTTP.Exhaust.Connection.DoS,HTTP,18.217.165.70,172.31.69.25,38150,80,ips,signature,/
17533,3352944,1,medium,Apache.HTTP.Exhaust.Connection.DoS,HTTP,18.217.165.70,172.31.69.25,38160,80,ips,signature,/
17533,3352951,1,medium,Apache.HTTP.Exhaust.Connection.DoS,HTTP,18.217.165.70,172.31.69.25,38174,80,ips,signature,/
17533,3352849,1,medium,Apache.HTTP.Exhaust.Connection.DoS,HTTP,18.217.165.70,172.31.69.25,37910,80,ips,signature,/
17533,3352945,1,medium,Apache.HTTP.Exhaust.Connection.DoS,HTTP,18.217.165.70,172.31.69.25,38162,80,ips,signature,/
17533,3352948,1,medium,Apache.HTTP.Exhaust.Connection.DoS,HTTP,18.217.165.70,172.31.69.25,38168,80,ips,signature,/
17533,3352957,1,medium,Apache.HTTP.Exhaust.Connection.DoS,HTTP,18.217.165.70,172.31.69.25,38186,80,ips,signature,/
17533,3352953,1,medium,Apache.HTTP.Exhaust.Connection.DoS,HTTP,18.217.165.70,172.31.69.25,38178,80,ips,signature,/
17533,3352961,1,medium,Apache.HTTP.Exhaust.Connection.DoS,HTTP,18.217.165.70,172.31.69.25,38194,80,ips,signature,/
17533,3358347,1,medium,Apache.HTTP.Exhaust.Connection.DoS,HTTP,18.217.165.70,172.31.69.25,50268,80,ips,signature,/
17533,3358348,1,medium,Apache.HTTP.Exhaust.Connection.DoS,HTTP,18.217.165.70,172.31.69.25,50272,80,ips,signature,/
17533,3358503,1,medium,Apache.HTTP.Exhaust.Connection.DoS,HTTP,18.217.165.70,172.31.69.25,50614,80,ips,signature,/
17533,3358495,1,medium,Apache.HTTP.Exhaust.Connection.DoS,HTTP,18.217.165.70,172.31.69.25,50596,80,ips,signature,/
17533,3352919,1,medium,Apache.HTTP.Exhaust.Connection.DoS,HTTP,18.217.165.70,172.31.69.25,38050,80,ips,signature,/
17533,3352925,1,medium,Apache.HTTP.Exhaust.Connection.DoS,HTTP,18.217.165.70,172.31.69.25,38122,80,ips,signature,/
17533,3352927,1,medium,Apache.HTTP.Exhaust.Connection.DoS,HTTP,18.217.165.70,172.31.69.25,38126,80,ips,signature,/
17533,3352929,1,medium,Apache.HTTP.Exhaust.Connection.DoS,HTTP,18.217.165.70,172.31.69.25,38130,80,ips,signature,/
17533,3352942,1,medium,Apache.HTTP.Exhaust.Connection.DoS,HTTP,18.217.165.70,172.31.69.25,38156,80,ips,signature,/
17533,3352943,1,medium,Apache.HTTP.Exhaust.Connection.DoS,HTTP,18.217.165.70,172.31.69.25,38158,80,ips,signature,/
17533,3358448,1,medium,Apache.HTTP.Exhaust.Connection.DoS,HTTP,18.217.165.70,172.31.69.25,50502,80,ips,signature,/
17533,3358449,1,medium,Apache.HTTP.Exhaust.Connection.DoS,HTTP,18.217.165.70,172.31.69.25,50504,80,ips,signature,/
17533,3352900,1,medium,Apache.HTTP.Exhaust.Connection.DoS,HTTP,18.217.165.70,172.31.69.25,38012,80,ips,signature,/
17533,3352947,1,medium,Apache.HTTP.Exhaust.Connection.DoS,HTTP,18.217.165.70,172.31.69.25,38166,80,ips,signature,/
17533,3352950,1,medium,Apache.HTTP.Exhaust.Connection.DoS,HTTP,18.217.165.70,172.31.69.25,38172,80,ips,signature,/
17533,3352955,1,medium,Apache.HTTP.Exhaust.Connection.DoS,HTTP,18.217.165.70,172.31.69.25,38182,80,ips,signature,/
17533,3352959,1,medium,Apache.HTTP.Exhaust.Connection.DoS,HTTP,18.217.165.70,172.31.69.25,38190,80,ips,signature,/
17533,3352963,1,medium,Apache.HTTP.Exhaust.Connection.DoS,HTTP,18.217.165.70,172.31.69.25,38198,80,ips,signature,/
17533,3352967,1,medium,Apache.HTTP.Exhaust.Connection.DoS,HTTP,18.217.165.70,172.31.69.25,38206,80,ips,signature,/
17533,3352791,1,medium,Apache.HTTP.Exhaust.Connection.DoS,HTTP,18.217.165.70,172.31.69.25,37794,80,ips,signature,/
17533,3352789,1,medium,Apache.HTTP.Exhaust.Connection.DoS,HTTP,18.217.165.70,172.31.69.25,37790,80,ips,signature,/
17533,3352793,1,medium,Apache.HTTP.Exhaust.Connection.DoS,HTTP,18.217.165.70,172.31.69.25,37798,80,ips,signature,/
17533,3352795,1,medium,Apache.HTTP.Exhaust.Connection.DoS,HTTP,18.217.165.70,172.31.69.25,37802,80,ips,signature,/
17533,3352797,1,medium,Apache.HTTP.Exhaust.Connection.DoS,HTTP,18.217.165.70,172.31.69.25,37806,80,ips,signature,/
17533,3352825,1,medium,Apache.HTTP.Exhaust.Connection.DoS,HTTP,18.217.165.70,172.31.69.25,37862,80,ips,signature,/
17533,3352832,1,medium,Apache.HTTP.Exhaust.Connection.DoS,HTTP,18.217.165.70,172.31.69.25,37876,80,ips,signature,/
17533,3352833,1,medium,Apache.HTTP.Exhaust.Connection.DoS,HTTP,18.217.165.70,172.31.69.25,37878,80,ips,signature,/
17533,3358593,1,medium,Apache.HTTP.Exhaust.Connection.DoS,HTTP,18.217.165.70,172.31.69.25,50810,80,ips,signature,/
17533,3352850,1,medium,Apache.HTTP.Exhaust.Connection.DoS,HTTP,18.217.165.70,172.31.69.25,37912,80,ips,signature,/
17533,3352872,1,medium,Apache.HTTP.Exhaust.Connection.DoS,HTTP,18.217.165.70,172.31.69.25,37956,80,ips,signature,/
17533,3352976,1,medium,Apache.HTTP.Exhaust.Connection.DoS,HTTP,18.217.165.70,172.31.69.25,38224,80,ips,signature,/
17533,3352705,1,medium,Apache.HTTP.Exhaust.Connection.DoS,HTTP,18.217.165.70,172.31.69.25,37622,80,ips,signature,/
17533,3352706,1,medium,Apache.HTTP.Exhaust.Connection.DoS,HTTP,18.217.165.70,172.31.69.25,37624,80,ips,signature,/
17533,3352707,1,medium,Apache.HTTP.Exhaust.Connection.DoS,HTTP,18.217.165.70,172.31.69.25,37626,80,ips,signature,/
17533,3352708,1,medium,Apache.HTTP.Exhaust.Connection.DoS,HTTP,18.217.165.70,172.31.69.25,37628,80,ips,signature,/
17533,3352709,1,medium,Apache.HTTP.Exhaust.Connection.DoS,HTTP,18.217.165.70,172.31.69.25,37630,80,ips,signature,/
17533,3352710,1,medium,Apache.HTTP.Exhaust.Connection.DoS,HTTP,18.217.165.70,172.31.69.25,37632,80,ips,signature,/
17533,3352711,1,medium,Apache.HTTP.Exhaust.Connection.DoS,HTTP,18.217.165.70,172.31.69.25,37634,80,ips,signature,/
17533,3352712,1,medium,Apache.HTTP.Exhaust.Connection.DoS,HTTP,18.217.165.70,172.31.69.25,37636,80,ips,signature,/
17533,3352713,1,medium,Apache.HTTP.Exhaust.Connection.DoS,HTTP,18.217.165.70,172.31.69.25,37638,80,ips,signature,/
17533,3352714,1,medium,Apache.HTTP.Exhaust.Connection.DoS,HTTP,18.217.165.70,172.31.69.25,37640,80,ips,signature,/
17533,3352715,1,medium,Apache.HTTP.Exhaust.Connection.DoS,HTTP,18.217.165.70,172.31.69.25,37642,80,ips,signature,/
17533,3352716,1,medium,Apache.HTTP.Exhaust.Connection.DoS,HTTP,18.217.165.70,172.31.69.25,37644,80,ips,signature,/
17533,3352717,1,medium,Apache.HTTP.Exhaust.Connection.DoS,HTTP,18.217.165.70,172.31.69.25,37646,80,ips,signature,/
17533,3352718,1,medium,Apache.HTTP.Exhaust.Connection.DoS,HTTP,18.217.165.70,172.31.69.25,37648,80,ips,signature,/
17533,3352719,1,medium,Apache.HTTP.Exhaust.Connection.DoS,HTTP,18.217.165.70,172.31.69.25,37650,80,ips,signature,/
17533,3352720,1,medium,Apache.HTTP.Exhaust.Connection.DoS,HTTP,18.217.165.70,172.31.69.25,37652,80,ips,signature,/
17533,3352721,1,medium,Apache.HTTP.Exhaust.Connection.DoS,HTTP,18.217.165.70,172.31.69.25,37654,80,ips,signature,/
17533,3352722,1,medium,Apache.HTTP.Exhaust.Connection.DoS,HTTP,18.217.165.70,172.31.69.25,37656,80,ips,signature,/
17533,3352723,1,medium,Apache.HTTP.Exhaust.Connection.DoS,HTTP,18.217.165.70,172.31.69.25,37658,80,ips,signature,/
17533,3352724,1,medium,Apache.HTTP.Exhaust.Connection.DoS,HTTP,18.217.165.70,172.31.69.25,37660,80,ips,signature,/
17533,3352726,1,medium,Apache.HTTP.Exhaust.Connection.DoS,HTTP,18.217.165.70,172.31.69.25,37664,80,ips,signature,/
17533,3352727,1,medium,Apache.HTTP.Exhaust.Connection.DoS,HTTP,18.217.165.70,172.31.69.25,37666,80,ips,signature,/
17533,3352728,1,medium,Apache.HTTP.Exhaust.Connection.DoS,HTTP,18.217.165.70,172.31.69.25,37668,80,ips,signature,/
17533,3352729,1,medium,Apache.HTTP.Exhaust.Connection.DoS,HTTP,18.217.165.70,172.31.69.25,37670,80,ips,signature,/
17533,3352730,1,medium,Apache.HTTP.Exhaust.Connection.DoS,HTTP,18.217.165.70,172.31.69.25,37672,80,ips,signature,/
17533,3352731,1,medium,Apache.HTTP.Exhaust.Connection.DoS,HTTP,18.217.165.70,172.31.69.25,37674,80,ips,signature,/
17533,3352732,1,medium,Apache.HTTP.Exhaust.Connection.DoS,HTTP,18.217.165.70,172.31.69.25,37676,80,ips,signature,/
17533,3352733,1,medium,Apache.HTTP.Exhaust.Connection.DoS,HTTP,18.217.165.70,172.31.69.25,37678,80,ips,signature,/
17533,3352734,1,medium,Apache.HTTP.Exhaust.Connection.DoS,HTTP,18.217.165.70,172.31.69.25,37680,80,ips,signature,/
17533,3352735,1,medium,Apache.HTTP.Exhaust.Connection.DoS,HTTP,18.217.165.70,172.31.69.25,37682,80,ips,signature,/
17533,3352736,1,medium,Apache.HTTP.Exhaust.Connection.DoS,HTTP,18.217.165.70,172.31.69.25,37684,80,ips,signature,/
17533,3352738,1,medium,Apache.HTTP.Exhaust.Connection.DoS,HTTP,18.217.165.70,172.31.69.25,37688,80,ips,signature,/
17533,3352739,1,medium,Apache.HTTP.Exhaust.Connection.DoS,HTTP,18.217.165.70,172.31.69.25,37690,80,ips,signature,/
17533,3352743,1,medium,Apache.HTTP.Exhaust.Connection.DoS,HTTP,18.217.165.70,172.31.69.25,37698,80,ips,signature,/
17533,3352741,1,medium,Apache.HTTP.Exhaust.Connection.DoS,HTTP,18.217.165.70,172.31.69.25,37694,80,ips,signature,/
17533,3352745,1,medium,Apache.HTTP.Exhaust.Connection.DoS,HTTP,18.217.165.70,172.31.69.25,37702,80,ips,signature,/
17533,3352747,1,medium,Apache.HTTP.Exhaust.Connection.DoS,HTTP,18.217.165.70,172.31.69.25,37706,80,ips,signature,/
17533,3352748,1,medium,Apache.HTTP.Exhaust.Connection.DoS,HTTP,18.217.165.70,172.31.69.25,37708,80,ips,signature,/
17533,3352750,1,medium,Apache.HTTP.Exhaust.Connection.DoS,HTTP,18.217.165.70,172.31.69.25,37712,80,ips,signature,/
17533,3352752,1,medium,Apache.HTTP.Exhaust.Connection.DoS,HTTP,18.217.165.70,172.31.69.25,37716,80,ips,signature,/
17533,3352753,1,medium,Apache.HTTP.Exhaust.Connection.DoS,HTTP,18.217.165.70,172.31.69.25,37718,80,ips,signature,/
17533,3352755,1,medium,Apache.HTTP.Exhaust.Connection.DoS,HTTP,18.217.165.70,172.31.69.25,37722,80,ips,signature,/
17533,3352757,1,medium,Apache.HTTP.Exhaust.Connection.DoS,HTTP,18.217.165.70,172.31.69.25,37726,80,ips,signature,/
17533,3352759,1,medium,Apache.HTTP.Exhaust.Connection.DoS,HTTP,18.217.165.70,172.31.69.25,37730,80,ips,signature,/
17533,3352761,1,medium,Apache.HTTP.Exhaust.Connection.DoS,HTTP,18.217.165.70,172.31.69.25,37734,80,ips,signature,/
17533,3352763,1,medium,Apache.HTTP.Exhaust.Connection.DoS,HTTP,18.217.165.70,172.31.69.25,37738,80,ips,signature,/
17533,3352765,1,medium,Apache.HTTP.Exhaust.Connection.DoS,HTTP,18.217.165.70,172.31.69.25,37742,80,ips,signature,/
17533,3352767,1,medium,Apache.HTTP.Exhaust.Connection.DoS,HTTP,18.217.165.70,172.31.69.25,37746,80,ips,signature,/
17533,3352769,1,medium,Apache.HTTP.Exhaust.Connection.DoS,HTTP,18.217.165.70,172.31.69.25,37750,80,ips,signature,/
17533,3352771,1,medium,Apache.HTTP.Exhaust.Connection.DoS,HTTP,18.217.165.70,172.31.69.25,37754,80,ips,signature,/
17533,3352725,1,medium,Apache.HTTP.Exhaust.Connection.DoS,HTTP,18.217.165.70,172.31.69.25,37662,80,ips,signature,/
17533,3352737,1,medium,Apache.HTTP.Exhaust.Connection.DoS,HTTP,18.217.165.70,172.31.69.25,37686,80,ips,signature,/
17533,3352740,1,medium,Apache.HTTP.Exhaust.Connection.DoS,HTTP,18.217.165.70,172.31.69.25,37692,80,ips,signature,/
17533,3352742,1,medium,Apache.HTTP.Exhaust.Connection.DoS,HTTP,18.217.165.70,172.31.69.25,37696,80,ips,signature,/
17533,3352744,1,medium,Apache.HTTP.Exhaust.Connection.DoS,HTTP,18.217.165.70,172.31.69.25,37700,80,ips,signature,/
17533,3352746,1,medium,Apache.HTTP.Exhaust.Connection.DoS,HTTP,18.217.165.70,172.31.69.25,37704,80,ips,signature,/
17533,3352749,1,medium,Apache.HTTP.Exhaust.Connection.DoS,HTTP,18.217.165.70,172.31.69.25,37710,80,ips,signature,/
17533,3352751,1,medium,Apache.HTTP.Exhaust.Connection.DoS,HTTP,18.217.165.70,172.31.69.25,37714,80,ips,signature,/
17533,3352754,1,medium,Apache.HTTP.Exhaust.Connection.DoS,HTTP,18.217.165.70,172.31.69.25,37720,80,ips,signature,/
17533,3352756,1,medium,Apache.HTTP.Exhaust.Connection.DoS,HTTP,18.217.165.70,172.31.69.25,37724,80,ips,signature,/
17533,3352758,1,medium,Apache.HTTP.Exhaust.Connection.DoS,HTTP,18.217.165.70,172.31.69.25,37728,80,ips,signature,/
17533,3352760,1,medium,Apache.HTTP.Exhaust.Connection.DoS,HTTP,18.217.165.70,172.31.69.25,37732,80,ips,signature,/
17533,3352762,1,medium,Apache.HTTP.Exhaust.Connection.DoS,HTTP,18.217.165.70,172.31.69.25,37736,80,ips,signature,/
17533,3352764,1,medium,Apache.HTTP.Exhaust.Connection.DoS,HTTP,18.217.165.70,172.31.69.25,37740,80,ips,signature,/
17533,3352766,1,medium,Apache.HTTP.Exhaust.Connection.DoS,HTTP,18.217.165.70,172.31.69.25,37744,80,ips,signature,/
17533,3352768,1,medium,Apache.HTTP.Exhaust.Connection.DoS,HTTP,18.217.165.70,172.31.69.25,37748,80,ips,signature,/
17533,3352770,1,medium,Apache.HTTP.Exhaust.Connection.DoS,HTTP,18.217.165.70,172.31.69.25,37752,80,ips,signature,/
17533,3352772,1,medium,Apache.HTTP.Exhaust.Connection.DoS,HTTP,18.217.165.70,172.31.69.25,37756,80,ips,signature,/
17533,3352773,1,medium,Apache.HTTP.Exhaust.Connection.DoS,HTTP,18.217.165.70,172.31.69.25,37758,80,ips,signature,/
17533,3352774,1,medium,Apache.HTTP.Exhaust.Connection.DoS,HTTP,18.217.165.70,172.31.69.25,37760,80,ips,signature,/
17533,3352775,1,medium,Apache.HTTP.Exhaust.Connection.DoS,HTTP,18.217.165.70,172.31.69.25,37762,80,ips,signature,/
17533,3352776,1,medium,Apache.HTTP.Exhaust.Connection.DoS,HTTP,18.217.165.70,172.31.69.25,37764,80,ips,signature,/
17533,3352777,1,medium,Apache.HTTP.Exhaust.Connection.DoS,HTTP,18.217.165.70,172.31.69.25,37766,80,ips,signature,/
17533,3352778,1,medium,Apache.HTTP.Exhaust.Connection.DoS,HTTP,18.217.165.70,172.31.69.25,37768,80,ips,signature,/
17533,3352779,1,medium,Apache.HTTP.Exhaust.Connection.DoS,HTTP,18.217.165.70,172.31.69.25,37770,80,ips,signature,/
17533,3352780,1,medium,Apache.HTTP.Exhaust.Connection.DoS,HTTP,18.217.165.70,172.31.69.25,37772,80,ips,signature,/
17533,3352782,1,medium,Apache.HTTP.Exhaust.Connection.DoS,HTTP,18.217.165.70,172.31.69.25,37776,80,ips,signature,/
17533,3352783,1,medium,Apache.HTTP.Exhaust.Connection.DoS,HTTP,18.217.165.70,172.31.69.25,37778,80,ips,signature,/
17533,3352784,1,medium,Apache.HTTP.Exhaust.Connection.DoS,HTTP,18.217.165.70,172.31.69.25,37780,80,ips,signature,/
17533,3352786,1,medium,Apache.HTTP.Exhaust.Connection.DoS,HTTP,18.217.165.70,172.31.69.25,37784,80,ips,signature,/
17533,3352788,1,medium,Apache.HTTP.Exhaust.Connection.DoS,HTTP,18.217.165.70,172.31.69.25,37788,80,ips,signature,/
17533,3352790,1,medium,Apache.HTTP.Exhaust.Connection.DoS,HTTP,18.217.165.70,172.31.69.25,37792,80,ips,signature,/
17533,3352792,1,medium,Apache.HTTP.Exhaust.Connection.DoS,HTTP,18.217.165.70,172.31.69.25,37796,80,ips,signature,/
17533,3352794,1,medium,Apache.HTTP.Exhaust.Connection.DoS,HTTP,18.217.165.70,172.31.69.25,37800,80,ips,signature,/
17533,3352796,1,medium,Apache.HTTP.Exhaust.Connection.DoS,HTTP,18.217.165.70,172.31.69.25,37804,80,ips,signature,/
17533,3352798,1,medium,Apache.HTTP.Exhaust.Connection.DoS,HTTP,18.217.165.70,172.31.69.25,37808,80,ips,signature,/
17533,3352800,1,medium,Apache.HTTP.Exhaust.Connection.DoS,HTTP,18.217.165.70,172.31.69.25,37812,80,ips,signature,/
17533,3352802,1,medium,Apache.HTTP.Exhaust.Connection.DoS,HTTP,18.217.165.70,172.31.69.25,37816,80,ips,signature,/
17533,3352804,1,medium,Apache.HTTP.Exhaust.Connection.DoS,HTTP,18.217.165.70,172.31.69.25,37820,80,ips,signature,/
17533,3352806,1,medium,Apache.HTTP.Exhaust.Connection.DoS,HTTP,18.217.165.70,172.31.69.25,37824,80,ips,signature,/
17533,3352808,1,medium,Apache.HTTP.Exhaust.Connection.DoS,HTTP,18.217.165.70,172.31.69.25,37828,80,ips,signature,/
17533,3352898,1,medium,Apache.HTTP.Exhaust.Connection.DoS,HTTP,18.217.165.70,172.31.69.25,38008,80,ips,signature,/
17533,3352819,1,medium,Apache.HTTP.Exhaust.Connection.DoS,HTTP,18.217.165.70,172.31.69.25,37850,80,ips,signature,/
17533,3352821,1,medium,Apache.HTTP.Exhaust.Connection.DoS,HTTP,18.217.165.70,172.31.69.25,37854,80,ips,signature,/
17533,3352838,1,medium,Apache.HTTP.Exhaust.Connection.DoS,HTTP,18.217.165.70,172.31.69.25,37888,80,ips,signature,/
17533,3352845,1,medium,Apache.HTTP.Exhaust.Connection.DoS,HTTP,18.217.165.70,172.31.69.25,37902,80,ips,signature,/
17533,3352882,1,medium,Apache.HTTP.Exhaust.Connection.DoS,HTTP,18.217.165.70,172.31.69.25,37976,80,ips,signature,/
17533,3352884,1,medium,Apache.HTTP.Exhaust.Connection.DoS,HTTP,18.217.165.70,172.31.69.25,37980,80,ips,signature,/
17533,3352885,1,medium,Apache.HTTP.Exhaust.Connection.DoS,HTTP,18.217.165.70,172.31.69.25,37982,80,ips,signature,/
17533,3352891,1,medium,Apache.HTTP.Exhaust.Connection.DoS,HTTP,18.217.165.70,172.31.69.25,37994,80,ips,signature,/
17533,3352892,1,medium,Apache.HTTP.Exhaust.Connection.DoS,HTTP,18.217.165.70,172.31.69.25,37996,80,ips,signature,/
17533,3352893,1,medium,Apache.HTTP.Exhaust.Connection.DoS,HTTP,18.217.165.70,172.31.69.25,37998,80,ips,signature,/
17533,3358909,1,medium,Apache.HTTP.Exhaust.Connection.DoS,HTTP,18.217.165.70,172.31.69.25,51522,80,ips,signature,/
17533,3358910,1,medium,Apache.HTTP.Exhaust.Connection.DoS,HTTP,18.217.165.70,172.31.69.25,51524,80,ips,signature,/
17533,3352883,1,medium,Apache.HTTP.Exhaust.Connection.DoS,HTTP,18.217.165.70,172.31.69.25,37978,80,ips,signature,/
