FICHERO PCAP,Nº TOTAL DE FLUJOS DETECTADOS SNORTv2,Nº TOTAL DE FLUJOS DETECTADOS SNORTv3,Número total de alertas,Nº TOTAL DE FLUJOS CON ATAQUE/S TOTALES DETECTADOS,Nº DE MENSAJES DE RED CON ATAQUE/S TOTALES DETECTADOS,Nº ATAQUES (INSTANCIAS) TOTALES DETECTADOS,Nº TOTAL DE FLUJOS CON ATAQUE/S TP DETECTADOS (Manual),Nº DE MENSAJES DE RED CON ATAQUE/S TP DETECTADOS (Manual),Nº ATAQUES (INSTANCIAS) TP DETECTADOS (Manual),Nº TOTAL DE FLUJOS CON ATAQUE/S TP DETECTADOS (Automático),Nº DE MENSAJES DE RED CON ATAQUE/S TP DETECTADOS (Automático),Nº ATAQUES (INSTANCIAS) TP DETECTADOS (Automático),Número total de alertas.1,Nº TOTAL DE FLUJOS CON ATAQUE/S DETECTADOS,Nº DE MENSAJES DE RED CON ATAQUE/S TOTALES DETECTADOS.1,Nº ATAQUES (INSTANCIAS) DETECTADOS POR TALOS,Nº ATAQUES (INSTANCIAS) DETECTADOS POR ETOPEN,Nº ATAQUES (INSTANCIAS) TOTALES DETECTADOS (Manual),Nº TOTAL DE FLUJOS CON ATAQUE/S TP DETECTADOS (Manual).1,Nº DE MENSAJES DE RED CON ATAQUE/S TP DETECTADOS (Manual).1,Nº ATAQUES (INSTANCIAS) TP DETECTADOS (Manual).1,Nº TOTAL DE FLUJOS CON ATAQUE/S TP DETECTADOS (Automático).1,Nº DE MENSAJES DE RED CON ATAQUE/S TP DETECTADOS (Automático).1,Nº ATAQUES (INSTANCIAS) TP DETECTADOS POR TALOS (Automático),Nº ATAQUES (INSTANCIAS) TP DETECTADOS POR ETOPEN (Automático),Nº ATAQUES (INSTANCIAS) TP TOTALES DETECTADOS (Automático + Manual),Número total de alertas.2,Nº TOTAL DE FLUJOS CON ATAQUE/S DETECTADOS.1,Nº DE MENSAJES DE RED CON ATAQUE/S TOTALES DETECTADOS.2,Nº ATAQUES (INSTANCIAS) DETECTADOS POR TALOS.1,Nº ATAQUES (INSTANCIAS) DETECTADOS POR ETOPEN.1,Nº ATAQUES (INSTANCIAS) TOTALES DETECTADOS (Manual).1,Nº TOTAL DE FLUJOS CON ATAQUE/S TP DETECTADOS (Manual).2,Nº DE MENSAJES DE RED CON ATAQUE/S TP DETECTADOS (Manual).2,Nº ATAQUES (INSTANCIAS) TP DETECTADOS (Manual).2,Nº TOTAL DE FLUJOS CON ATAQUE/S TP DETECTADOS (Automático).2,Nº DE MENSAJES DE RED CON ATAQUE/S TP DETECTADOS (Automático).2,Nº ATAQUES (INSTANCIAS) TP DETECTADOS POR TALOS (Automático).1,Nº ATAQUES (INSTANCIAS) TP DETECTADOS POR ETOPEN (Automático).1,Nº ATAQUES (INSTANCIAS) TP TOTALES DETECTADOS (Automático + Manual).1,Número total de alertas.3,Nº TOTAL DE FLUJOS CON ATAQUE/S DETECTADOS.2,Nº DE MENSAJES DE RED CON ATAQUE/S TOTALES DETECTADOS.3,Nº ATAQUES (INSTANCIAS) DETECTADOS POR TALOS.2,Nº ATAQUES (INSTANCIAS) DETECTADOS POR ETOPEN.2,Nº ATAQUES (INSTANCIAS) TOTALES DETECTADOS (Manual).2,Nº TOTAL DE FLUJOS CON ATAQUE/S TP DETECTADOS (Manual).3,Nº DE MENSAJES DE RED CON ATAQUE/S TP DETECTADOS (Manual).3,Nº ATAQUES (INSTANCIAS) TP DETECTADOS (Manual).3,Nº TOTAL DE FLUJOS CON ATAQUE/S TP DETECTADOS (Automático).3,Nº DE MENSAJES DE RED CON ATAQUE/S TP DETECTADOS (Automático).3,Nº ATAQUES (INSTANCIAS) TP DETECTADOS POR TALOS (Automático).2,Nº ATAQUES (INSTANCIAS) TP DETECTADOS POR ETOPEN (Automático).2,Nº ATAQUES (INSTANCIAS) TP TOTALES DETECTADOS (Automático + Manual).2
T1595.002-Port_Scanning_[3].pcapng,2057,2058,4,4,4,4,0,0,0,4,4,4,40,29,30,4,36,30,22,23,23,23,23,4,29,23,66,31,33,30,36,32,22,23,23,25,26,30,29,25,90,41,46,30,60,51,22,23,23,29,30,30,40,55
T1595.003-Web_page_scanning1_[2].pcapng,181,181,,0,0,0,0,0,0,0,0,0,,0,0,0,0,0,0,0,0,0,0,0,0,0,228,0,0,228,0,228,0,0,0,0,0,228,0,0,403,58,117,228,175,346,0,0,0,57,115,228,171,342
T1595.003-Web_page_scanning2_[3].pcapng,385,385,62,0,0,62,,,,0,0,62,83,14,20,62,21,,,,,14,20,62,21,,4750,14,20,4729,21,,,,,14,20,4729,21,,4921,88,185,4729,192,,,,,88,183,4729,188,
T1596.001-DNS_Transfer_[2].pcapng,1,1,1,0,0,1,1,1,1,0,0,1,1,0,0,1,0,1,1,1,1,0,0,1,0,1,1,0,0,1,0,1,1,1,1,0,0,1,0,1,7,1,3,1,5,3,1,1,1,1,1,1,1,1
T1598.003-Spearphishing_Link_[5].pcapng,58,59,1,0,1,1,0,0,0,0,1,1,10,5,6,1,9,10,0,0,0,5,6,1,9,10,16,6,7,7,9,16,0,0,0,6,7,7,9,16,37,13,23,7,30,37,2,4,4,8,11,7,13,20
T1589.002-Gather_victim_identity_information_[4].pcapng,7,7,,0,0,0,0,0,0,0,0,0,,0,0,0,0,0,0,0,0,0,0,0,0,0,,0,0,0,0,0,0,0,0,0,0,0,0,0,3,1,1,0,1,1,0,0,0,0,0,0,0,0
T1586.001-Compromise_Accounts_[2].pcapng,6950,6951,9998,0,1,9998,,,,0,1,9998,13175,1253,3177,9998,3177,,,,,1253,3177,9998,3177,,723016,1253,3177,719839,3177,,,,,1253,3177,3177,719839,,748399,6950,27785,719839,28560,,,,,6950,27776,719839,28543,
T1585.001-Establish_social_accounts_[4].pcapng,35,129,,0,0,0,0,0,0,0,0,0,,0,0,0,0,0,0,0,0,0,0,0,0,0,,0,0,0,0,0,0,0,0,0,0,0,0,0,9,3,3,0,9,9,0,0,0,0,0,0,0,0
T1584-Cache_dns_[1].pcapng,5,7,4,0,1,4,0,0,0,0,1,4,4,0,1,4,0,4,0,0,0,0,1,4,0,4,5,1,1,5,0,5,0,0,0,1,1,5,0,5,12,2,3,5,12,15,0,0,0,1,1,5,0,5
T1584-Secuestro_dns_[1].pcapng,4,6,4,0,1,4,4,0,0,0,1,4,4,0,1,4,0,4,0,0,0,0,1,4,0,4,6,2,2,6,0,6,0,0,0,0,1,6,0,6,16,3,3,6,10,14,0,0,0,0,1,6,0,6
T1584.005-C2018_[6].pcapng,81287,80564,6075,5771,6035,6075,,,,5771,6035,6075,11340,5921,11155,6075,5265,,,,,5908,11143,6075,5251,,152622,5962,11257,147357,5265,,,,,5949,11245,147357,5251,,171730,7761,15133,147357,24373,,,,,6003,12496,147357,21167,
T1133-External_remote_services_[4].pcapng,23,33,14,5,14,14,0,0,0,5,14,14,14,5,14,14,0,14,0,0,0,5,14,14,0,14,20,5,15,20,0,20,0,0,0,5,15,20,0,20,67,9,21,20,47,54,0,0,0,5,15,20,0,20
T1190-Sql_inyection1_[3].pcapng,1,1,0,0,0,0,0,0,0,0,0,0,,0,0,0,0,0,0,0,0,0,0,0,0,0,2,0,1,2,0,2,0,0,0,0,1,2,0,2,6,1,3,2,4,6,0,0,0,0,1,2,0,2
T1190-Sql_inyection2_[2].pcapng,77,77,3,1,2,3,1,1,1,1,2,3,80,73,75,3,77,78,73,74,76,73,75,3,77,78,458,73,75,228,77,296,73,75,76,73,75,228,77,296,536,75,78,228,155,300,73,75,76,74,76,228,151,296
T1190-Sql_injection-C2018_[6].pcapng,50,50,,0,0,0,0,0,0,0,0,0,85,30,33,0,85,85,28,29,29,30,33,0,85,85,205,30,34,120,85,196,28,30,30,30,34,120,85,196,220,32,43,120,100,199,30,32,32,31,35,120,88,199
T1189-Drive-by_compromise_v1_[4].pcapng,4,4,4,1,4,4,0,0,0,1,4,4,4,1,4,4,0,4,0,0,0,1,4,4,0,4,244,1,5,244,0,244,0,0,0,1,5,244,0,244,253,2,8,244,9,253,0,0,0,2,6,244,1,245
T1189-Drive-by_compromise_v2_[4].pcapng,1,1,,0,0,0,0,0,0,0,0,0,1,1,1,0,1,1,1,1,1,1,1,0,1,1,4,1,2,3,1,4,1,1,1,1,2,3,1,4,10,1,5,3,7,10,1,1,1,1,3,3,3,6
T1200-Hardware_Additions_[5].pcapng,3,3,,0,0,0,0,0,0,0,0,0,,0,0,0,0,0,0,0,0,0,0,0,0,0,,0,0,0,0,0,0,0,0,0,0,0,0,0,9,2,2,0,9,9,0,0,0,0,0,0,0,0
T1566.001-C2018_[6].pcapng,2,9,3,1,3,3,0,0,0,1,3,3,3,1,2,3,0,3,0,0,0,1,3,3,0,3,7,1,4,4,0,4,0,0,0,1,4,4,0,4,63,2,40,4,56,58,0,0,0,1,4,4,2,4
T1566.002-Spearphishing_Link_[5].pcapng,169,168,,0,0,0,0,0,0,0,0,0,29,13,15,0,29,29,0,0,0,13,15,0,29,29,36,16,19,7,29,36,0,0,0,16,19,7,29,36,64,24,41,7,57,64,0,0,0,16,22,7,34,41
T1659-Content_Injection_[5].pcapng,85,90,4,1,4,4,0,0,0,1,4,4,7,3,7,4,3,7,2,2,2,3,7,4,3,7,12,7,12,9,3,12,2,2,2,7,12,9,3,12,87,21,29,9,78,79,2,2,2,7,14,9,6,15
T1659_Inyeccion_[1].pcapng,11,12,4,4,4,4,0,0,0,4,4,4,4,4,4,4,0,4,0,0,0,4,4,4,0,4,4,4,4,4,0,4,0,0,0,4,4,4,0,4,8,5,5,4,8,8,0,0,0,4,4,4,0,4
T1199-Trusted_relationship_[4].pcapng,17,18,2,2,2,2,0,0,0,2,2,2,4,4,4,2,2,4,0,0,0,4,4,2,2,4,4,4,4,2,2,4,0,0,0,4,4,2,2,4,18,5,6,2,16,16,2,2,2,4,4,2,10,10
T1176-Browser-extension_[4].pcapng,215,217,8,2,8,8,0,0,0,2,8,8,8,2,8,8,0,8,0,0,0,2,8,8,0,8,8,2,8,8,0,8,0,0,0,2,8,8,0,8,20,3,10,8,12,12,0,0,0,2,8,8,0,8
T1197-BITS_Jobs_[5].pcapng,25,119,8,2,8,8,0,0,0,2,8,8,46,12,26,8,38,46,9,16,16,12,26,8,38,46,54,12,27,16,38,54,9,16,16,12,27,16,38,54,91,14,41,16,75,91,9,16,16,12,37,16,56,72
T1542.005-TFTP_Boot_[5].pcapng,9,1,2,2,2,2,0,0,0,2,2,2,106,3,104,2,104,106,0,0,0,3,104,2,102,104,1766,4,106,1662,104,1766,0,0,0,4,106,1662,102,1764,3484,7,1774,1662,1822,1822,0,0,0,5,1766,1662,1762,1762
T1505.001-SQL_inyection_[3].pcapng,6,7,,0,0,0,0,0,0,0,0,0,2,1,1,0,2,2,1,1,1,1,1,0,2,1,5,1,2,3,2,2,1,1,1,1,2,3,2,2,15,3,8,3,12,12,1,1,1,1,2,3,2,3
T1505.005-Shell_Web_[2].pcapng,3,3,,0,0,0,0,0,0,0,0,0,,0,0,0,0,0,0,0,0,0,0,0,0,0,8,0,1,6,0,6,0,0,0,0,1,6,0,6,13,2,4,6,5,11,0,0,0,1,2,6,1,7
T1053.002-Scheduled_TaskJob_At_[5].pcapng,2,2,,0,0,0,0,0,0,0,0,0,14,0,13,14,14,0,0,0,0,0,13,0,14,14,26,0,14,12,14,26,0,0,0,0,14,12,14,26,52,2,35,12,40,52,0,0,0,0,29,12,30,42
T1543.003-CreateSystemProcessWindowsService_[5].pcapng,3,3,,0,0,0,0,0,0,0,0,0,6,2,4,0,6,6,0,0,0,2,4,0,6,6,7,3,5,1,6,7,0,0,0,3,5,1,6,7,12,3,8,1,12,13,0,0,0,3,6,1,8,9
T1110.001-Hydra_[3].pcapng,3,3,,0,0,0,0,0,0,0,0,0,,0,0,0,0,0,0,0,0,0,0,0,0,0,1,0,1,1,0,1,1,1,1,0,1,1,0,1,2,1,3,1,4,5,1,1,1,0,1,1,0,1
T1110.001-FTP-C2018_[6].pcapng,190300,190300,,0,0,0,0,0,0,0,0,0,,0,0,0,0,0,0,0,0,0,0,0,0,0,,0,0,0,0,0,0,0,0,0,0,0,0,0,48,16,32,0,48,48,0,0,0,0,0,0,0,0
T1110.001-SSH-C2018_[6].pcapng,92648,92648,,1,1,1,0,0,0,1,1,1,,14103,53436,1,18568,18569,0,0,0,1,1,1,0,1,,14116,53436,91648,18568,,14116,91646,91647,14116,49452,91648,0,91648,,14117,110241,91648,18621,91648,14116,91646,91647,14116,49454,49452,49454,
T1110-Wps_[1].pcapng,0,0,,0,0,0,0,0,0,0,0,0,,0,0,0,0,0,0,0,0,0,0,0,0,0,,0,0,0,0,0,0,0,0,0,0,0,0,0,,0,0,0,0,0,0,0,0,0,0,0,0,0
T1110-Diccionario_[1].pcapng,0,0,,0,0,0,0,0,0,0,0,0,,0,0,0,0,0,0,0,0,0,0,0,0,0,,0,0,0,0,0,0,0,0,0,0,0,0,0,,0,0,0,0,0,0,0,0,0,0,0,0,0
T1110-pmkid_[1].pcapng,0,0,,0,0,0,0,0,0,0,0,0,,0,0,0,0,0,0,0,0,0,0,0,0,0,,0,0,0,0,0,0,0,0,0,0,0,0,0,,0,0,0,0,0,0,0,0,0,0,0,0,0
T1110-Ptw_korek_[1].pcapng,0,0,,0,0,0,0,0,0,0,0,0,,0,0,0,0,0,0,0,0,0,0,0,0,0,,0,0,0,0,0,0,0,0,0,0,0,0,0,,0,0,0,0,0,0,0,0,0,0,0,0,0
T1040-Autenticacion_[1].pcapng,0,0,,0,0,0,0,0,0,0,0,0,,0,0,0,0,0,0,0,0,0,0,0,0,0,,0,0,0,0,0,0,0,0,0,0,0,0,0,,0,0,0,0,0,0,0,0,0,0,0,0,0
T1040-Chopchop_[1].pcapng,0,0,,0,0,0,0,0,0,0,0,0,,0,0,0,0,0,0,0,0,0,0,0,0,0,,0,0,0,0,0,0,0,0,0,0,0,0,0,,0,0,0,0,0,0,0,0,0,0,0,0,0
T1040-Fragmentacion_[1].pcapng,0,0,,0,0,0,0,0,0,0,0,0,,0,0,0,0,0,0,0,0,0,0,0,0,0,,0,0,0,0,0,0,0,0,0,0,0,0,0,,0,0,0,0,0,0,0,0,0,0,0,0,0
T1040-Mac_flood_[1].pcapng,1,10674,,0,0,0,0,0,0,0,0,0,1,1,1,0,1,1,0,0,0,1,1,0,1,1,2,1,2,1,1,2,0,0,0,1,2,1,1,2,10822,10674,9823,1,10821,10822,0,0,0,97,98,1,98,99
T1557.002-ARP_poisoning1_[2].pcapng,12,13,,0,0,0,0,0,0,0,0,0,,0,0,0,0,0,0,0,0,0,0,0,0,0,,0,0,0,0,0,0,0,0,0,0,0,0,0,10,4,7,0,10,10,0,0,0,0,0,0,0,0
T1557.002-ARP_poisoning2_[3].pcapng,0,0,,0,0,0,0,0,0,0,0,0,,0,0,0,0,0,0,0,0,0,0,0,0,0,,0,0,0,0,0,0,0,0,0,0,0,0,0,,0,0,0,0,0,0,0,0,0,0,0,0,0
T1557-Arp_spoof_[1].pcapng,0,2,44,0,11,44,0,0,0,0,11,44,54,0,11,44,10,44,0,0,0,0,11,44,0,44,54,0,11,44,10,44,0,0,0,0,11,44,0,44,82,0,11,44,38,50,0,0,0,0,11,44,0,44
T1557-Dhcp_spoofing_[1].pcapng,5,6,,0,0,0,0,0,0,0,0,0,,0,0,0,0,0,0,0,0,0,0,0,0,0,2,1,1,4,0,4,1,1,1,1,1,2,0,2,77,3,147,4,150,154,1,1,1,1,1,2,0,2
T1557-Hole196_[1].pcapng,1,6,36,0,7,36,0,0,0,0,7,36,46,0,7,36,10,36,0,0,0,0,7,36,0,36,46,0,7,36,10,36,0,0,0,0,7,36,0,36,46,0,7,36,30,40,0,0,0,0,7,36,0,36
T1557-Puente_raiz_[1].pcapng,0,1,36,0,14,56,0,0,0,0,14,56,70,0,14,56,14,56,0,0,0,0,14,56,0,56,70,0,14,56,14,56,0,0,0,0,14,56,0,56,102,0,14,56,46,60,0,0,0,0,14,56,0,56
T1557-Redireccion_[1].pcapng,0,4,108,0,23,108,0,0,0,0,23,108,138,0,23,108,30,108,0,0,0,0,23,108,0,108,138,0,23,108,30,108,0,0,0,0,23,108,0,108,204,0,35,108,96,114,0,0,0,0,23,108,0,108
T1187-Forced_Authentication_[5].pcapng,8,8,,0,0,0,0,0,0,0,0,0,,0,0,0,0,0,0,0,0,0,0,0,0,0,6,2,2,6,0,6,0,0,0,2,2,6,0,6,8,3,3,6,2,8,0,0,0,2,2,6,0,6
T1187-Forced_Authentication2_[5].pcapng,3,3,,0,0,0,0,0,0,0,0,0,,0,0,0,0,0,0,0,0,0,0,0,0,0,3,1,1,3,0,3,0,0,0,1,1,3,0,3,5,1,2,3,2,5,0,0,0,1,1,3,0,3
T1003-Os_credential_dumping_dcsync_[4].pcapng,3,3,,0,0,0,0,0,0,0,0,0,,0,0,0,0,0,0,0,0,0,0,0,0,0,1,0,1,1,0,1,1,1,1,0,1,1,0,1,5,1,3,1,4,5,1,1,1,0,1,1,0,1
T1602.001-MIB_Dump_[2].pcapng,1,1,792,1,396,792,0,0,0,1,396,792,1188,1,396,792,396,792,0,0,0,1,396,792,0,792,1188,1,396,792,396,792,0,0,0,1,396,792,0,792,1188,1,397,792,796,796,0,0,0,1,396,792,0,792
T1213-SQL_inyection_[3].pcapng,1,1,,0,0,0,0,0,0,0,0,0,,0,0,0,0,0,0,0,0,0,0,0,0,0,2,0,1,2,0,2,0,0,0,0,1,2,0,2,6,1,3,2,4,6,0,0,0,0,1,2,0,2
T1039-Data_from_network_shared_drive_[4].pcapng,3,3,,0,0,0,0,0,0,0,0,0,,0,0,0,0,0,0,0,0,0,0,0,0,0,1,1,1,1,0,1,0,0,0,1,1,1,0,1,5,3,3,1,4,4,0,0,0,2,2,1,2,3
T1114-Email_collection_remote_email_collection_[4].pcapng,10,10,,0,0,0,0,0,0,0,0,0,19,4,19,0,19,19,0,0,0,4,19,0,19,19,24,9,24,5,19,24,0,0,0,9,24,5,19,24,34,9,30,5,29,30,0,0,0,9,27,5,23,27
T1565.001-SQL_inyection_[3].pcapng,11,11,,0,0,0,0,0,0,0,0,0,1,1,1,0,1,1,1,1,1,1,1,0,1,1,3,1,2,1,1,2,1,1,1,1,2,1,1,2,6,2,4,1,5,6,1,1,1,1,2,1,1,2
T1499.001-OS_Exhaustion_Flood_[3].pcapng,340,340,92,46,46,92,46,46,92,46,46,92,93,47,47,92,1,93,46,46,92,47,47,92,1,93,93,47,47,92,1,93,46,46,92,47,47,92,1,93,101,50,51,92,9,101,46,46,92,47,47,92,1,93
T1499-Mac_spoof_[1].pcapng,0,3,161,0,77,161,0,0,0,0,77,161,203,0,77,161,42,161,0,0,0,0,77,161,0,161,42,0,77,161,42,161,0,0,0,0,77,161,0,161,286,0,78,161,125,166,0,0,0,0,77,161,0,161
T1499-Reseteo_[1].pcapng,3,4,1,0,1,1,0,0,0,0,1,1,1,0,1,1,0,1,0,0,0,0,1,1,0,1,1,0,1,1,0,1,0,0,0,0,1,1,0,1,5,1,3,1,4,5,0,0,0,0,1,1,0,1
T1499-Syn_suplantacion_[1].pcapng,2332,2332,,0,0,0,0,0,0,0,0,0,,0,0,0,0,0,0,0,0,0,0,0,0,0,,0,0,0,0,0,0,0,0,0,0,0,0,0,10,5,5,0,10,10,0,0,0,0,0,0,0,0
T1499-Land_[1].pcapng,1,1,,0,0,0,0,0,0,0,0,0,1,1,1,0,1,1,0,0,0,1,1,0,1,1,1,1,1,0,1,1,0,0,0,1,1,0,1,1,116126,1,116122,0,116125,116125,0,0,0,1,1,0,1,1
T1499-Dhcp_flood_[1].pcapng,2,2,,0,0,0,0,0,0,0,0,0,,0,0,0,0,0,0,0,0,0,0,0,0,0,1,1,1,1,0,1,0,0,0,1,1,1,0,1,73,2,2,1,72,73,0,0,0,1,1,1,0,1
T1499-Reflexion_synack_[1].pcapng,952,952,565,565,565,565,565,565,565,565,565,565,565,565,565,565,0,565,565,565,565,565,565,565,0,565,565,565,565,565,0,565,565,565,565,565,565,565,0,565,569,566,567,565,4,569,565,565,565,565,565,565,0,565
T1499.02-Slowhttptest-C2018_[6].pcapng,105550,105550,,0,0,0,0,0,0,0,0,0,,0,0,0,0,0,0,0,0,0,0,0,0,0,,0,0,0,0,0,0,0,0,0,0,0,0,0,27,9,18,0,27,27,0,0,0,0,0,0,0,0
T1499.02-Slowloris-C2018_[6].pcapng,6979,7093,,0,0,0,0,0,0,0,0,0,,0,0,0,0,0,0,0,0,0,0,0,0,0,4822,4822,4822,4822,0,4822,4822,4822,4822,4822,4822,4822,0,4822,4843,4825,4836,4822,21,4843,4822,4822,4822,4822,4822,4822,0,4822
T1499.03-Hulk-C2018_[6].pcapng,1799791,1799791,,0,0,0,0,0,0,0,0,0,149665,14115,149661,0,149665,149665,0,0,0,14115,149665,0,149665,149665,3592578,14115,149666,3442913,149665,3592578,0,1721456,1721456,14115,149666,3442913,149665,3592578,3592723,14115,149804,3442913,149810,3592723,0,1721456,1721456,14115,149798,3442913,149801,3592714
T1499.03-GoldenEye-C2018_[6].pcapng,26860,24570,,0,0,0,0,0,0,0,0,0,56,56,56,0,56,56,0,0,0,56,56,0,56,56,22418,56,57,22418,78,22496,0,0,0,56,57,22418,56,22474,22496,71,74,22418,78,22496,0,0,0,63,64,22418,63,22481
T1498.001-MAC_table_flood_[3].pcapng,2,21711,8,2,8,8,0,0,0,2,8,8,8,2,8,8,0,8,0,0,0,2,8,8,0,8,8,2,8,8,0,8,0,0,0,2,8,8,0,8,21876,21711,18493,8,21868,21868,5,5,5,72,78,8,70,78
T1498.001-UDP_flood_1-C2018_[6].pcapng,100,110,5278,100,5083,5278,0,0,0,100,5083,5278,5278,100,5083,5278,0,5278,0,0,0,100,5083,5278,0,5278,5278,100,5083,5278,0,5278,0,0,0,100,5083,5278,0,5278,10580,100,5102,5278,5302,5302,0,0,0,100,5083,5278,0,5278
T1498.001-UDP_flood_2-C2018_[6].pcapng,100,110,4856,0,0,0,0,0,0,0,0,0,4856,0,0,0,0,0,0,0,0,0,0,0,0,0,4856,0,1,76,0,76,0,0,0,0,1,76,0,76,9736,37,38,76,40,116,0,0,0,0,1,76,0,76
T1498.001-HTTP_flood-C2018_[6].pcapng,289328,163918,,0,0,0,0,0,0,0,0,0,63,63,63,0,63,63,63,63,63,63,63,0,63,63,63,63,63,0,63,63,63,63,63,63,63,0,63,63,195,183,184,0,195,195,63,63,63,63,63,0,63,63
T1498.001-TCP_flood-C2018_[6].pcapng,1074379,1074379,,0,0,0,0,0,0,0,0,0,2308,2300,2308,0,2308,2308,540,540,540,2300,2308,0,2308,2308,1076671,2300,2309,1074363,2308,1076671,540,540,540,2300,2309,1074363,2308,1076671,1345530,59028,69410,1074363,271167,1345530,540,540,540,58969,69311,1074363,271059,1345422
T1498.001-UDP_flood_[2].pcapng,60172,60173,15,15,15,15,0,0,0,15,15,15,15,15,15,15,0,15,0,0,0,15,15,15,0,15,30,15,15,15,0,15,0,0,0,15,15,15,0,15,60221,60172,39447,15,60191,60206,0,0,0,60172,39447,15,60172,60187
T1498-Amplif_dns_[1].pcapng,5161,5179,669,618,669,669,0,0,0,618,669,669,669,618,669,669,0,669,0,0,0,618,669,669,0,669,690,618,690,690,0,690,0,0,0,618,690,690,0,690,1389,625,715,690,699,699,8,8,8,624,698,690,9,690
T1498-Fraggle_[1].pcapng,1425,1427,12,12,12,12,0,0,0,12,12,12,12,12,12,12,0,12,0,0,0,12,12,12,0,12,12,12,12,12,0,12,0,0,0,12,12,12,0,12,28,12,13,12,16,16,0,0,0,12,12,12,0,12
T1498-Smurf_[1].pcapng,1,3,1002,0,1002,1002,0,0,0,0,1002,1002,1002,0,1002,1002,0,1002,0,0,0,0,1002,1002,0,1002,1002,0,1002,1002,0,1002,0,0,0,0,1002,1002,0,1002,2009,1,1004,1002,1007,1007,0,0,0,0,1002,1002,0,1002
T1498-Tcbpdu_[1].pcapng,0,0,,0,0,0,0,0,0,0,0,0,,0,0,0,0,0,0,0,0,0,0,0,0,0,,0,0,0,0,0,0,0,0,0,0,0,0,0,,0,0,0,0,0,0,0,0,0,0,0,0,0
T1496-Cryptomining_[2].pcapng,11,13,2,2,2,2,0,0,0,2,2,2,2,2,2,2,0,2,0,0,0,2,2,2,0,2,2,2,2,2,0,2,0,0,0,2,2,2,0,2,10,4,6,2,10,12,0,0,0,2,2,2,0,2
T1491.001-Internal_Defacement_[5].pcapng,12,12,12,3,12,12,0,0,0,3,12,12,14,3,14,12,2,14,0,0,0,3,14,12,2,14,14,3,14,12,2,14,0,0,0,3,14,12,2,14,31,4,16,12,19,31,0,0,0,4,14,12,3,15
T1071-Tunel_[1].pcapng,199,199,,0,0,0,0,0,0,0,0,0,,0,0,0,0,0,0,0,0,0,0,0,0,0,205,11,205,205,0,205,10,204,204,11,205,205,0,205,218,13,208,205,13,218,10,204,204,11,205,208,2,210
T1104-Multi_stage_channels_[4].pcapng,1,1,,0,0,0,0,0,0,0,0,0,2,1,2,0,2,2,0,0,0,1,2,0,2,2,2,1,2,0,2,2,0,0,0,1,2,0,2,2,4,1,3,0,4,4,0,0,0,1,2,0,2,2
T1008-Fallback_channels_[4].pcapng,6,6,,0,0,0,0,0,0,0,0,0,12,4,9,0,12,12,2,2,2,4,9,0,12,12,13,5,10,1,12,13,2,2,2,5,10,1,12,13,38,6,14,1,37,38,2,2,2,6,11,1,14,15
T1102.003-Web_service-one_way_communication_[4].pcapng,2,2,,0,0,0,0,0,0,0,0,0,2,1,2,0,2,2,0,0,0,1,2,0,2,2,2,1,2,0,2,2,0,0,0,1,2,0,2,2,6,2,5,0,6,6,0,0,0,2,3,0,3,3
T1090-Proxy_internal_proxy_[4].pcapng,21,23,,0,0,0,0,0,0,0,0,0,4,2,4,0,4,4,0,0,0,2,4,0,4,4,24,2,5,20,4,24,0,0,0,2,5,20,4,24,30,3,8,20,10,30,0,0,0,2,6,20,6,26
T1001.003-Data_obfuscation_protocol_impersonation_[4].pcapng,1,1,,0,0,0,0,0,0,0,0,0,,0,0,0,0,0,0,0,0,0,0,0,0,0,,0,0,0,0,0,0,0,0,0,0,0,0,0,2,1,1,0,2,2,0,0,0,0,0,0,0,0
T1001.002-Data_obfuscation_steganography_[4].pcapng,1,1,,0,0,0,0,0,0,0,0,0,,0,0,0,0,0,0,0,0,0,0,0,0,0,,0,0,0,0,0,0,0,0,0,0,0,0,0,4,1,2,0,4,4,0,0,0,0,0,0,0,0
T1105-Ingress_Tool_Transfer_[5].pcapng,7,7,,0,0,0,0,0,0,0,0,0,4,4,4,0,4,4,0,0,0,4,4,0,4,4,4,4,4,0,4,4,0,0,0,4,4,0,4,4,14,5,12,0,14,6,14,1,1,4,10,0,10,10
T1132.001-Standard_Encoding_[5].pcapng,9,10,,0,0,0,0,0,0,0,0,0,11,6,6,0,11,11,0,0,0,6,6,0,11,11,16,6,7,5,11,16,0,0,0,6,7,5,11,16,29,6,13,5,24,29,0,0,0,6,10,5,19,24
T1219-RemoteAccessSoftwareLocal_[5].pcapng,2,2,,0,0,0,0,0,0,0,0,0,,0,0,0,0,0,0,0,0,0,0,0,0,0,,0,0,0,0,0,0,0,0,0,0,0,0,0,2,1,1,0,2,2,0,0,0,0,0,0,0,0
T1219-RemoteAccessSoftwareNAT_[5].pcapng,145,147,,1,1,1,0,0,0,1,1,1,,1,1,1,0,1,0,0,0,1,1,1,0,1,8,30,43,43,0,43,1,1,1,30,43,43,0,43,40,52,70,43,28,71,1,8,8,30,43,43,0,43
T1568-fastFluxDNS_[5].pcapng,263,266,20,0,10,20,0,0,0,0,10,20,25,0,10,20,5,20,0,0,0,0,10,20,0,20,271,123,133,266,5,271,123,123,123,123,133,266,0,266,291,125,136,266,25,291,123,123,123,123,133,266,0,266
T1665-Hide_Infrastructure_[5].pcapng,12,12,4,1,4,4,0,0,0,1,4,4,4,1,4,0,4,4,0,0,0,1,4,0,4,4,159,1,5,159,0,159,0,0,0,1,5,159,0,159,169,4,8,159,10,169,0,0,0,4,5,159,0,159
T1572-Protocol_Tunneling_[5].pcapng,3,3,,0,0,0,0,0,0,0,0,0,1,1,1,0,1,1,0,0,0,1,1,0,1,1,1,1,1,0,1,1,0,0,0,1,1,0,1,1,8,2,6,0,8,8,0,0,0,1,4,0,4,4
T1573.002_AssymetricCryptography_[5].pcapng,2,2,,0,0,0,0,0,0,0,0,0,,0,0,0,0,0,0,0,0,0,0,0,0,0,,0,0,0,0,0,0,0,0,0,0,0,0,0,4,1,0,0,4,4,0,0,0,0,0,0,0,0
T1571-SSH_[2].pcapng,1,1,,0,0,0,0,0,0,0,0,0,,0,0,0,0,0,0,0,0,0,0,0,0,0,1,0,1,1,0,1,1,1,1,0,1,1,0,1,5,1,3,1,4,5,1,1,1,0,1,1,0,1
T1205.001-Port_Knocking_[3].pcapng,5,5,,0,0,0,0,0,0,0,0,0,,0,0,0,0,0,0,0,0,0,0,0,0,0,,0,0,0,0,0,0,0,0,0,0,0,0,0,4,2,2,0,4,4,0,0,0,0,0,0,0,0
T1095-Non_Application_Layer_[3].pcapng,2,2,,0,0,0,0,0,0,0,0,0,4,2,3,0,4,4,1,1,1,2,3,0,4,4,5,2,4,1,4,5,1,1,1,2,4,1,4,5,12,2,9,1,12,13,1,1,1,2,7,1,8,9
T1070-Indicator_removal_network_share_connection_removal_[4].pcapng,1,2,,0,0,0,0,0,0,0,0,0,,0,0,0,0,0,0,0,0,0,0,0,0,0,,0,0,0,0,0,0,0,0,0,0,0,0,0,1,1,1,0,1,1,0,0,0,1,1,0,1,1
T1112-Modify_registry_[4].pcapng,14,15,1,1,1,1,0,0,0,1,1,1,1,1,1,1,0,1,0,0,0,1,1,1,0,1,6,2,3,6,0,6,1,1,1,2,3,6,0,6,17,9,10,6,11,17,1,1,1,7,8,6,6,12
T1207-Rogue_domain_controller_[4].pcapng,88,96,,0,0,0,0,0,0,0,0,0,,0,0,0,0,0,0,0,0,0,0,0,0,0,34,22,33,34,0,34,0,0,0,22,33,34,0,34,39,23,35,34,5,39,0,0,0,22,33,34,1,35
T1218.010-COM_Scriptlet_[2].pcapng,2,2,,0,0,0,0,0,0,0,0,0,,0,0,0,0,0,0,0,0,0,0,0,0,0,,0,0,0,0,0,0,0,0,0,0,0,0,0,4,2,3,0,4,4,0,0,0,0,0,0,0,0
T1221-Template_Injection_[5].pcapng,11,35,3,2,8,8,1,1,1,2,8,8,13,6,13,8,5,13,1,1,1,6,13,8,5,13,19,6,13,14,5,19,1,1,1,6,13,14,5,19,39,7,19,14,25,39,1,1,1,6,16,14,12,26
T1599-NBB1_[5].pcapng,5,5,1,0,1,1,0,0,0,0,1,1,1,0,1,1,0,1,0,0,0,0,1,1,0,1,1,0,1,1,0,1,0,0,0,0,1,1,0,1,5,2,4,1,4,5,0,0,0,0,1,1,0,1
T1599-NBB2_[5].pcapng,3,3,,0,0,0,0,0,0,0,0,0,,0,0,0,0,0,0,0,0,0,0,0,0,0,,0,0,0,0,0,0,0,0,0,0,0,0,0,2,1,1,0,2,2,0,0,0,0,0,0,0,0
T1599-Salto_vlan_[1].pcapng,1358,1360,,0,0,0,0,0,0,0,0,0,,0,0,0,0,0,0,0,0,0,0,0,0,0,,0,0,0,0,0,0,0,0,0,0,0,0,0,6,1,3,0,6,6,0,0,0,0,0,0,0,0
T1612-BuildImageOnHostLocal_[5].pcapng,69,69,,0,0,0,0,0,0,0,0,0,2,2,2,0,2,2,0,0,0,2,2,0,2,2,9,10,11,9,2,11,0,0,0,10,11,9,2,11,15,12,15,9,6,15,0,0,0,10,12,9,3,12
T1612-BuildImageOnHostNAT_[5].pcapng,118,119,3,3,3,3,0,0,0,3,3,3,160,13,160,3,157,160,0,0,0,13,160,3,157,160,160,13,160,3,157,160,0,0,0,13,160,3,157,160,291,76,289,3,288,289,0,0,0,17,168,3,165,168
T1021-remote_services_ssh_[3].pcapng,1,1,,0,0,0,0,0,0,0,0,0,,0,0,0,0,0,0,0,0,0,0,0,0,0,,0,0,0,0,0,0,0,0,0,0,0,0,0,4,1,1,0,4,4,0,0,0,0,0,0,0,0
T1210-Eternal_blue_[2].pcapng,24,24,1,0,1,1,1,1,1,0,1,1,9,3,8,1,8,2,2,2,1,3,8,1,8,8,16,5,12,8,8,12,2,2,2,5,12,8,8,12,28,5,17,8,20,20,2,2,2,5,15,8,16,16
T1210-Web_attack-C2018_[6].pcapng,260,260,,0,0,0,0,0,0,0,0,0,,0,0,0,0,0,0,0,0,0,0,0,0,0,19656,0,1,19656,0,19656,0,0,0,0,1,19656,0,19656,32818,257,6593,19656,13162,19722,0,0,0,257,6549,19656,13096,19656
T1210-Remote_code_execution_[2].pcapng,3,3,,0,0,0,0,0,0,0,0,0,,0,0,0,0,0,0,0,0,0,0,0,0,0,5,0,1,5,0,5,1,4,4,0,1,5,0,5,13,1,7,5,8,9,1,4,4,1,5,5,4,5
T1563.002_RDPHijacking_[5].pcapng,110,112,23,18,23,23,0,0,0,18,23,23,41,18,40,23,18,40,1,1,1,18,40,23,18,40,47,20,43,29,18,46,1,1,1,20,43,29,18,46,141,27,65,29,112,140,2,2,2,20,51,29,79,108
T1570-Lateral_Tool_Transfer_[5].pcapng,7,7,,0,0,0,0,0,0,0,0,0,3,2,3,0,3,3,0,0,0,2,3,0,3,3,3,2,3,0,3,3,0,0,0,2,3,0,3,3,22,4,13,3,19,22,0,0,0,2,7,3,7,10
T1534-Internal_spearphishing_[4].pcapng,10,10,20,1,5,20,0,0,0,1,5,20,20,1,5,20,0,20,0,0,0,1,5,20,0,20,23,1,5,23,0,23,0,0,0,1,5,23,0,23,33,5,11,23,13,36,0,0,0,1,5,23,0,23
T1046-Version_services_detection1_[3].pcapng,160,160,1761,12,13,1761,,,,12,13,1761,838,110,782,1761,838,,,,,110,782,1761,838,,9538,110,782,9538,838,,,,,110,782,9538,838,,13683,130,3363,9538,4145,,,,,130,3361,9538,4141,
T1046-Version_services_detection2_[3].pcapng,65680,65683,10,3,8,10,,,,3,8,10,27,16,21,10,17,,,,,12,17,10,13,,35,17,22,18,17,,,,,13,18,18,13,,48,19,24,18,30,,,,,13,18,18,17,
T1046-C2018_[6].pcapng,3,4,,0,0,0,0,0,0,0,0,0,4,2,4,0,4,4,0,0,0,2,4,0,4,4,7,3,7,3,4,7,0,0,0,3,7,3,4,7,82,3,56,3,79,82,0,0,0,3,7,3,6,9
T1018-service_discovery_[3].pcapng,1002,1002,2,2,2,2,0,0,0,2,2,2,8,8,8,2,6,8,6,6,6,4,4,2,2,4,8,8,8,2,6,8,6,6,6,4,4,2,2,4,14,10,11,2,12,14,6,6,6,4,4,2,3,5
T1615-Group_Policy_Discovery_[5].pcapng,56,58,,0,0,0,0,0,0,0,0,0,,0,0,0,0,0,0,0,0,0,0,0,0,0,,0,0,0,0,0,0,0,0,0,0,0,0,0,8,3,4,0,8,8,0,0,0,0,0,0,0,0
T1033-System_owner_[4].pcapng,13,13,,0,0,0,0,0,0,0,0,0,,0,0,0,0,0,0,0,0,0,0,0,0,0,1,1,1,1,0,1,0,0,0,1,1,1,0,1,9,7,7,1,8,9,0,0,0,6,6,1,6,7
T1482-Domain_trust_discovery_[4].pcapng,4,4,,0,0,0,0,0,0,0,0,0,,0,0,0,0,0,0,0,0,0,0,0,0,0,3,2,3,3,0,3,0,0,0,2,3,3,0,3,5,2,4,3,2,5,0,0,0,2,3,3,0,3
T1087.002-AccountDiscovery_DomainAccount_[5].pcapng,2,2,,0,0,0,0,0,0,0,0,0,11,2,9,0,11,11,0,0,0,2,9,0,11,11,1,2,10,7,11,18,0,0,0,2,10,7,11,18,5,2,25,7,29,36,0,0,0,2,21,7,23,30
T1048.003-Exfiltration_over_ICMP_[2].pcapng,0,1,48,0,32,48,0,0,0,0,32,48,48,0,32,48,0,48,0,0,0,0,32,48,0,48,112,0,32,64,0,64,0,0,0,0,32,64,0,64,100,0,32,64,36,64,0,0,0,0,32,64,0,64
T1048.003-Exfiltration_over_FTP_[3].pcapng,8,9,,0,0,0,0,0,0,0,0,0,,0,0,0,0,0,0,0,0,0,0,0,0,0,,0,0,0,0,0,0,0,0,0,0,0,0,0,15,4,11,0,15,15,1,1,1,1,3,0,3,3
T1011-Exfiltration_over_bluetooth_[4].pcapng,1,1,,0,0,0,0,0,0,0,0,0,,0,0,0,0,0,0,0,0,0,0,0,0,0,,0,0,0,0,0,0,0,0,0,0,0,0,0,,0,0,0,0,0,0,0,0,0,0,0,0,0
T1020.001-Automated_exfiltration_traffic_duplication_[4].pcapng,25,26,28,8,14,28,0,0,0,8,14,28,34,9,17,28,6,34,0,0,0,9,17,28,6,34,34,9,17,28,6,34,0,0,0,9,17,28,6,34,76,14,26,28,48,76,0,0,0,9,17,28,6,34
T1029-Scheduled_transfer_[4].pcapng,9,9,16,4,16,16,0,0,0,4,16,16,18,5,18,16,2,18,0,0,0,5,18,16,2,18,18,5,18,16,2,18,0,0,0,5,18,16,2,18,36,5,19,16,20,20,0,0,0,5,18,16,2,18
T1030-Transfer_Size_Limits_[5].pcapng,68,68,,0,0,0,0,0,0,0,0,0,1,1,1,0,1,1,0,0,0,1,1,0,1,1,1,1,1,0,1,1,0,0,0,1,1,0,1,1,101,34,99,0,101,101,0,0,0,33,97,0,97,97
T1537-Transfer_Data_to_Cloud_Account_[5].pcapng,76,76,5,5,5,5,0,0,0,5,5,5,5,5,5,5,0,5,0,0,0,5,5,5,0,5,7,7,7,7,0,7,0,0,0,7,7,7,0,7,21,17,19,7,14,21,0,0,0,7,7,7,0,7
T1041-exfiltration_over_c2_channel_[3].pcapng,2,2,,0,0,0,0,0,0,0,0,0,8,2,6,0,8,8,1,5,5,2,6,0,8,8,10,2,8,4,8,12,1,5,5,2,8,4,8,12,21,2,15,4,19,23,1,5,5,2,13,4,15,19
T1567.002-Exfiltration_To_Cloud_Storage_[5].pcapng,26,26,,0,0,0,0,0,0,0,0,0,,0,0,0,0,0,0,0,0,0,0,0,0,0,,0,0,0,0,0,0,0,0,0,0,0,0,0,11,9,10,0,11,11,0,0,0,0,0,0,0,0
T1204.001-malicious_link_[3].pcapng,1,1,,0,0,0,0,0,0,0,0,0,,0,0,0,0,0,0,0,0,0,0,0,0,0,,0,0,0,0,0,0,0,0,0,0,0,0,0,4,1,2,0,4,4,0,0,0,0,0,0,0,0
T1047-WinRM_[2].pcapng,911,913,18,18,18,18,18,18,18,18,18,18,474,450,474,18,456,474,450,450,450,450,474,18,456,474,478,450,475,22,456,479,450,450,450,450,475,22,456,479,1395,878,932,22,1373,1395,450,450,450,878,929,22,1365,1387
T1203-C2018_[6].pcapng,116,116,,0,0,0,0,0,0,0,0,0,5505,112,5505,0,5505,5505,,,,112,5505,0,5505,5505,17114,112,5507,11609,5505,,,,,112,5507,11609,5505,,17179,112,5549,11609,5570,,,,,112,5511,11609,5513,
T1569-System_services_service_execution_[4].pcapng,15,17,1,0,1,1,0,0,0,0,1,1,15,12,13,1,14,15,11,11,11,12,13,1,14,15,25,13,15,9,14,19,11,11,11,13,15,9,14,19,31,16,18,9,22,22,11,11,11,15,17,9,19,19
