Fichero;SID;RS;TP
T1595.002-Port_Scanning_[3].pcapng;1421;1;
T1595.002-Port_Scanning_[3].pcapng;1418;1;
T1595.002-Port_Scanning_[3].pcapng;2010937;2;
T1595.002-Port_Scanning_[3].pcapng;2002911;2;
T1595.002-Port_Scanning_[3].pcapng;2010939;2;
T1595.002-Port_Scanning_[3].pcapng;2010935;2;
T1595.002-Port_Scanning_[3].pcapng;2002910;2;
T1595.002-Port_Scanning_[3].pcapng;2010936;2;
T1595.002-Port_Scanning_[3].pcapng;2023753;2;
T1595.002-Port_Scanning_[3].pcapng;2018317;2;
T1595.002-Port_Scanning_[3].pcapng;2034718;2;
T1595.002-Port_Scanning_[3].pcapng;2013409;2;
T1595.002-Port_Scanning_[3].pcapng;2034730;2;
T1595.002-Port_Scanning_[3].pcapng;2009358;2;
T1595.002-Port_Scanning_[3].pcapng;2024364;2;
T1595.002-Port_Scanning_[3].pcapng;44484;3;
T1595.002-Port_Scanning_[3].pcapng;44487;3;
T1595.002-Port_Scanning_[3].pcapng;44485;3;
T1595.002-Port_Scanning_[3].pcapng;44489;3;
T1595.002-Port_Scanning_[3].pcapng;41807;3;
T1595.002-Port_Scanning_[3].pcapng;50447;3;
T1595.002-Port_Scanning_[3].pcapng;2002752;4;
T1595.002-Port_Scanning_[3].pcapng;2002749;4;
T1595.002-Port_Scanning_[3].pcapng;2001689;4;
T1595.002-Port_Scanning_[3].pcapng;2100472;4;
T1595.002-Port_Scanning_[3].pcapng;2100615;4;
T1595.002-Port_Scanning_[3].pcapng;2101418;4;
T1595.002-Port_Scanning_[3].pcapng;2006408;4;
T1595.002-Port_Scanning_[3].pcapng;2044666;4;
T1595.002-Port_Scanning_[3].pcapng;2007571;4;
T1595.002-Port_Scanning_[3].pcapng;2003099;4;
T1595.003-Web_page_scanning1_[2].pcapng;31939;3;
T1595.003-Web_page_scanning1_[2].pcapng;50447;3;
T1595.003-Web_page_scanning1_[2].pcapng;2002749;4;
T1595.003-Web_page_scanning1_[2].pcapng;2002752;4;
T1595.003-Web_page_scanning1_[2].pcapng;2009004;4;
T1595.003-Web_page_scanning1_[2].pcapng;2011085;4;
T1595.003-Web_page_scanning1_[2].pcapng;2012885;4;
T1595.003-Web_page_scanning2_[3].pcapng;1434;1;
T1595.003-Web_page_scanning2_[3].pcapng;1433;1;
T1595.003-Web_page_scanning2_[3].pcapng;1129;1;
T1595.003-Web_page_scanning2_[3].pcapng;1071;1;
T1595.003-Web_page_scanning2_[3].pcapng;1201;1;
T1595.003-Web_page_scanning2_[3].pcapng;2062;1;
T1595.003-Web_page_scanning2_[3].pcapng;43285;1;
T1595.003-Web_page_scanning2_[3].pcapng;1288;1;
T1595.003-Web_page_scanning2_[3].pcapng;940;1;
T1595.003-Web_page_scanning2_[3].pcapng;937;1;
T1595.003-Web_page_scanning2_[3].pcapng;1662;1;
T1595.003-Web_page_scanning2_[3].pcapng;1489;1;
T1595.003-Web_page_scanning2_[3].pcapng;1145;1;
T1595.003-Web_page_scanning2_[3].pcapng;1301;1;
T1595.003-Web_page_scanning2_[3].pcapng;879;1;
T1595.003-Web_page_scanning2_[3].pcapng;1218;1;
T1595.003-Web_page_scanning2_[3].pcapng;845;1;
T1595.003-Web_page_scanning2_[3].pcapng;1213;1;
T1595.003-Web_page_scanning2_[3].pcapng;885;1;
T1595.003-Web_page_scanning2_[3].pcapng;1206;1;
T1595.003-Web_page_scanning2_[3].pcapng;882;1;
T1595.003-Web_page_scanning2_[3].pcapng;1231;1;
T1595.003-Web_page_scanning2_[3].pcapng;1543;1;
T1595.003-Web_page_scanning2_[3].pcapng;1551;1;
T1595.003-Web_page_scanning2_[3].pcapng;839;1;
T1595.003-Web_page_scanning2_[3].pcapng;825;1;
T1595.003-Web_page_scanning2_[3].pcapng;1016;1;
T1595.003-Web_page_scanning2_[3].pcapng;1141;1;
T1595.003-Web_page_scanning2_[3].pcapng;1606;1;
T1595.003-Web_page_scanning2_[3].pcapng;993;1;
T1595.003-Web_page_scanning2_[3].pcapng;886;1;
T1595.003-Web_page_scanning2_[3].pcapng;1877;1;
T1595.003-Web_page_scanning2_[3].pcapng;895;1;
T1595.003-Web_page_scanning2_[3].pcapng;1852;1;
T1595.003-Web_page_scanning2_[3].pcapng;1520;1;
T1595.003-Web_page_scanning2_[3].pcapng;1521;1;
T1595.003-Web_page_scanning2_[3].pcapng;835;1;
T1595.003-Web_page_scanning2_[3].pcapng;849;1;
T1595.003-Web_page_scanning2_[3].pcapng;896;1;
T1595.003-Web_page_scanning2_[3].pcapng;1826;1;
T1595.003-Web_page_scanning2_[3].pcapng;853;1;
T1595.003-Web_page_scanning2_[3].pcapng;43290;1;
T1595.003-Web_page_scanning2_[3].pcapng;887;1;
T1595.003-Web_page_scanning2_[3].pcapng;2101129;2;
T1595.003-Web_page_scanning2_[3].pcapng;2101071;2;
T1595.003-Web_page_scanning2_[3].pcapng;2027261;2;
T1595.003-Web_page_scanning2_[3].pcapng;2022520;2;
T1595.003-Web_page_scanning2_[3].pcapng;2101201;2;
T1595.003-Web_page_scanning2_[3].pcapng;2027250;2;
T1595.003-Web_page_scanning2_[3].pcapng;2101145;2;
T1595.003-Web_page_scanning2_[3].pcapng;2010229;2;
T1595.003-Web_page_scanning2_[3].pcapng;2101016;2;
T1595.003-Web_page_scanning2_[3].pcapng;2100993;2;
T1595.003-Web_page_scanning2_[3].pcapng;2019526;2;
T1595.003-Web_page_scanning2_[3].pcapng;2101877;2;
T1595.003-Web_page_scanning2_[3].pcapng;2027263;2;
T1595.003-Web_page_scanning2_[3].pcapng;2049402;2;
T1595.003-Web_page_scanning2_[3].pcapng;50447;3;
T1595.003-Web_page_scanning2_[3].pcapng;41742;3;
T1595.003-Web_page_scanning2_[3].pcapng;33608;3;
T1595.003-Web_page_scanning2_[3].pcapng;42289;3;
T1595.003-Web_page_scanning2_[3].pcapng;59258;3;
T1595.003-Web_page_scanning2_[3].pcapng;2002752;4;
T1595.003-Web_page_scanning2_[3].pcapng;2002749;4;
T1595.003-Web_page_scanning2_[3].pcapng;2009885;4;
T1595.003-Web_page_scanning2_[3].pcapng;2101288;4;
T1595.003-Web_page_scanning2_[3].pcapng;2100937;4;
T1595.003-Web_page_scanning2_[3].pcapng;2101662;4;
T1595.003-Web_page_scanning2_[3].pcapng;2101489;4;
T1595.003-Web_page_scanning2_[3].pcapng;2008330;4;
T1595.003-Web_page_scanning2_[3].pcapng;2000560;4;
T1595.003-Web_page_scanning2_[3].pcapng;2100884;4;
T1595.003-Web_page_scanning2_[3].pcapng;2010377;4;
T1595.003-Web_page_scanning2_[3].pcapng;2101852;4;
T1596.001-DNS_Transfer_[2].pcapng;255;1;
T1596.001-DNS_Transfer_[2].pcapng;2002752;4;
T1596.001-DNS_Transfer_[2].pcapng;2002749;4;
T1596.001-DNS_Transfer_[2].pcapng;2100255;4;
T1598.003_Spearphishing_Link_[5].pcapng;2002752;4;
T1598.003_Spearphishing_Link_[5].pcapng;2002749;4;
T1598.003_Spearphishing_Link_[5].pcapng;2001117;4;
T1589.002-Gather_victim_identity_information_[4].pcapng;2002749;4;
T1586.001-Compromise_Accounts_[2].pcapng;1016;1;
T1586.001-Compromise_Accounts_[2].pcapng;1025;1;
T1586.001-Compromise_Accounts_[2].pcapng;1071;1;
T1586.001-Compromise_Accounts_[2].pcapng;1129;1;
T1586.001-Compromise_Accounts_[2].pcapng;1141;1;
T1586.001-Compromise_Accounts_[2].pcapng;1145;1;
T1586.001-Compromise_Accounts_[2].pcapng;1201;1;
T1586.001-Compromise_Accounts_[2].pcapng;1206;1;
T1586.001-Compromise_Accounts_[2].pcapng;1213;1;
T1586.001-Compromise_Accounts_[2].pcapng;1218;1;
T1586.001-Compromise_Accounts_[2].pcapng;1231;1;
T1586.001-Compromise_Accounts_[2].pcapng;1288;1;
T1586.001-Compromise_Accounts_[2].pcapng;1301;1;
T1586.001-Compromise_Accounts_[2].pcapng;1433;1;
T1586.001-Compromise_Accounts_[2].pcapng;1434;1;
T1586.001-Compromise_Accounts_[2].pcapng;1489;1;
T1586.001-Compromise_Accounts_[2].pcapng;1520;1;
T1586.001-Compromise_Accounts_[2].pcapng;1521;1;
T1586.001-Compromise_Accounts_[2].pcapng;1543;1;
T1586.001-Compromise_Accounts_[2].pcapng;1551;1;
T1586.001-Compromise_Accounts_[2].pcapng;1606;1;
T1586.001-Compromise_Accounts_[2].pcapng;1662;1;
T1586.001-Compromise_Accounts_[2].pcapng;1826;1;
T1586.001-Compromise_Accounts_[2].pcapng;1852;1;
T1586.001-Compromise_Accounts_[2].pcapng;1877;1;
T1586.001-Compromise_Accounts_[2].pcapng;2062;1;
T1586.001-Compromise_Accounts_[2].pcapng;43285;1;
T1586.001-Compromise_Accounts_[2].pcapng;43290;1;
T1586.001-Compromise_Accounts_[2].pcapng;825;1;
T1586.001-Compromise_Accounts_[2].pcapng;835;1;
T1586.001-Compromise_Accounts_[2].pcapng;839;1;
T1586.001-Compromise_Accounts_[2].pcapng;845;1;
T1586.001-Compromise_Accounts_[2].pcapng;849;1;
T1586.001-Compromise_Accounts_[2].pcapng;853;1;
T1586.001-Compromise_Accounts_[2].pcapng;879;1;
T1586.001-Compromise_Accounts_[2].pcapng;882;1;
T1586.001-Compromise_Accounts_[2].pcapng;885;1;
T1586.001-Compromise_Accounts_[2].pcapng;886;1;
T1586.001-Compromise_Accounts_[2].pcapng;887;1;
T1586.001-Compromise_Accounts_[2].pcapng;895;1;
T1586.001-Compromise_Accounts_[2].pcapng;896;1;
T1586.001-Compromise_Accounts_[2].pcapng;937;1;
T1586.001-Compromise_Accounts_[2].pcapng;940;1;
T1586.001-Compromise_Accounts_[2].pcapng;993;1;
T1586.001-Compromise_Accounts_[2].pcapng;2010229;2;
T1586.001-Compromise_Accounts_[2].pcapng;2018413;2;
T1586.001-Compromise_Accounts_[2].pcapng;2019526;2;
T1586.001-Compromise_Accounts_[2].pcapng;2022520;2;
T1586.001-Compromise_Accounts_[2].pcapng;2027250;2;
T1586.001-Compromise_Accounts_[2].pcapng;2027261;2;
T1586.001-Compromise_Accounts_[2].pcapng;2027263;2;
T1586.001-Compromise_Accounts_[2].pcapng;2049402;2;
T1586.001-Compromise_Accounts_[2].pcapng;2100993;2;
T1586.001-Compromise_Accounts_[2].pcapng;2101016;2;
T1586.001-Compromise_Accounts_[2].pcapng;2101071;2;
T1586.001-Compromise_Accounts_[2].pcapng;2101129;2;
T1586.001-Compromise_Accounts_[2].pcapng;2101145;2;
T1586.001-Compromise_Accounts_[2].pcapng;2101201;2;
T1586.001-Compromise_Accounts_[2].pcapng;2101877;2;
T1586.001-Compromise_Accounts_[2].pcapng;17429;3;
T1586.001-Compromise_Accounts_[2].pcapng;33608;3;
T1586.001-Compromise_Accounts_[2].pcapng;41742;3;
T1586.001-Compromise_Accounts_[2].pcapng;42289;3;
T1586.001-Compromise_Accounts_[2].pcapng;50447;3;
T1586.001-Compromise_Accounts_[2].pcapng;59258;3;
T1586.001-Compromise_Accounts_[2].pcapng;2000560;4;
T1586.001-Compromise_Accounts_[2].pcapng;2002749;4;
T1586.001-Compromise_Accounts_[2].pcapng;2002752;4;
T1586.001-Compromise_Accounts_[2].pcapng;2008330;4;
T1586.001-Compromise_Accounts_[2].pcapng;2009749;4;
T1586.001-Compromise_Accounts_[2].pcapng;2009885;4;
T1586.001-Compromise_Accounts_[2].pcapng;2010377;4;
T1586.001-Compromise_Accounts_[2].pcapng;2010706;4;
T1586.001-Compromise_Accounts_[2].pcapng;2100884;4;
T1586.001-Compromise_Accounts_[2].pcapng;2100937;4;
T1586.001-Compromise_Accounts_[2].pcapng;2101288;4;
T1586.001-Compromise_Accounts_[2].pcapng;2101489;4;
T1586.001-Compromise_Accounts_[2].pcapng;2101662;4;
T1586.001-Compromise_Accounts_[2].pcapng;2101852;4;
T1585.001-Establish_social_accounts_[4].pcapng;2002749;4;
T1584-Cache_dns_[1].pcapng;2100469;4;
T1584-Cache_dns_[1].pcapng;2100384;4;
T1584-Cache_dns_[1].pcapng;2002752;4;
T1584-Cache_dns_[1].pcapng;2002749;4;
T1584-Secuestro_dns_[1].pcapng;2100469;4;
T1584-Secuestro_dns_[1].pcapng;2100384;4;
T1584-Secuestro_dns_[1].pcapng;2002752;4;
T1584-Secuestro_dns_[1].pcapng;2002749;4;
T1584.005-C2018_[6].pcapng;1413;1;
T1584.005-C2018_[6].pcapng;1417;1;
T1584.005-C2018_[6].pcapng;1448;1;
T1584.005-C2018_[6].pcapng;1917;1;
T1584.005-C2018_[6].pcapng;2049;1;
T1584.005-C2018_[6].pcapng;29456;1;
T1584.005-C2018_[6].pcapng;31136;1;
T1584.005-C2018_[6].pcapng;384;1;
T1584.005-C2018_[6].pcapng;385;1;
T1584.005-C2018_[6].pcapng;42340;1;
T1584.005-C2018_[6].pcapng;449;1;
T1584.005-C2018_[6].pcapng;566;1;
T1584.005-C2018_[6].pcapng;2001219;2;
T1584.005-C2018_[6].pcapng;2001972;2;
T1584.005-C2018_[6].pcapng;2003068;2;
T1584.005-C2018_[6].pcapng;2008578;2;
T1584.005-C2018_[6].pcapng;2010935;2;
T1584.005-C2018_[6].pcapng;2010937;2;
T1584.005-C2018_[6].pcapng;2010939;2;
T1584.005-C2018_[6].pcapng;2011716;2;
T1584.005-C2018_[6].pcapng;2012296;2;
T1584.005-C2018_[6].pcapng;2013479;2;
T1584.005-C2018_[6].pcapng;2015856;2;
T1584.005-C2018_[6].pcapng;2100566;2;
T1584.005-C2018_[6].pcapng;2101413;2;
T1584.005-C2018_[6].pcapng;23493;3;
T1584.005-C2018_[6].pcapng;28993;3;
T1584.005-C2018_[6].pcapng;4060;3;
T1584.005-C2018_[6].pcapng;44484;3;
T1584.005-C2018_[6].pcapng;44485;3;
T1584.005-C2018_[6].pcapng;44486;3;
T1584.005-C2018_[6].pcapng;44487;3;
T1584.005-C2018_[6].pcapng;44488;3;
T1584.005-C2018_[6].pcapng;44489;3;
T1584.005-C2018_[6].pcapng;45941;3;
T1584.005-C2018_[6].pcapng;2001117;4;
T1584.005-C2018_[6].pcapng;2002749;4;
T1584.005-C2018_[6].pcapng;2002752;4;
T1584.005-C2018_[6].pcapng;2009205;4;
T1584.005-C2018_[6].pcapng;2009206;4;
T1584.005-C2018_[6].pcapng;2009207;4;
T1584.005-C2018_[6].pcapng;2009208;4;
T1584.005-C2018_[6].pcapng;2009582;4;
T1584.005-C2018_[6].pcapng;2023997;4;
T1584.005-C2018_[6].pcapng;2044666;4;
T1584.005-C2018_[6].pcapng;2100254;4;
T1584.005-C2018_[6].pcapng;2100384;4;
T1584.005-C2018_[6].pcapng;2100385;4;
T1584.005-C2018_[6].pcapng;2100449;4;
T1584.005-C2018_[6].pcapng;2100469;4;
T1584.005-C2018_[6].pcapng;2100486;4;
T1584.005-C2018_[6].pcapng;2100615;4;
T1584.005-C2018_[6].pcapng;2100628;4;
T1584.005-C2018_[6].pcapng;2101417;4;
T1584.005-C2018_[6].pcapng;2101917;4;
T1584.005-C2018_[6].pcapng;2102049;4;
T1133-External_remote_services_[4].pcapng;24303;3;
T1133-External_remote_services_[4].pcapng;27611;3;
T1133-External_remote_services_[4].pcapng;2101620;4;
T1133-External_remote_services_[4].pcapng;2100527;4;
T1133-External_remote_services_[4].pcapng;2002749;4;
T1133-External_remote_services_[4].pcapng;2001117;4;
T1133-External_remote_services_[4].pcapng;2101917;4;
T1190-Sql_inyection1_[3].pcapng;50447;3;
T1190-Sql_inyection1_[3].pcapng;2002752;4;
T1190-Sql_inyection1_[3].pcapng;2002749;4;
T1190-Sql_inyection2_[2].pcapng;1061;1;
T1190-Sql_inyection2_[2].pcapng;1122;1;
T1190-Sql_inyection2_[2].pcapng;1147;1;
T1190-Sql_inyection2_[2].pcapng;2017808;2;
T1190-Sql_inyection2_[2].pcapng;2009815;2;
T1190-Sql_inyection2_[2].pcapng;2009714;2;
T1190-Sql_inyection2_[2].pcapng;2006446;2;
T1190-Sql_inyection2_[2].pcapng;2006445;2;
T1190-Sql_inyection2_[2].pcapng;2008538;2;
T1190-Sql_inyection2_[2].pcapng;19779;3;
T1190-Sql_inyection2_[2].pcapng;50447;3;
T1190-Sql_inyection2_[2].pcapng;31939;3;
T1190-Sql_inyection2_[2].pcapng;7070;3;
T1190-Sql_inyection2_[2].pcapng;2002752;4;
T1190-Sql_inyection2_[2].pcapng;2002749;4;
T1190-Sql_inyection2_[2].pcapng;2012885;4;
T1190-Sql_inyection2_[2].pcapng;2101061;4;
T1190-Sql_injection-C2018_[6].pcapng;2002749;4;
T1189-Drive-by_compromise_v1_[4].pcapng;2002752;4;
T1189-Drive-by_compromise_v1_[4].pcapng;2002749;4;
T1189-Drive-by_compromise_v2_[4].pcapng;2002752;4;
T1189-Drive-by_compromise_v2_[4].pcapng;2002749;4;
T1566.001-C2018_[6].pcapng;1292;1;
T1566.001-C2018_[6].pcapng;46983;1;
T1566.001-C2018_[6].pcapng;47398;3;
T1566.001-C2018_[6].pcapng;2002749;4;
T1566.001-C2018_[6].pcapng;2002752;4;
T1566.001-C2018_[6].pcapng;2101292;4;
T1566.002-Spearphishing_Link_[5].pcapng;2002752;4;
T1566.002-Spearphishing_Link_[5].pcapng;2002749;4;
T1566.002-Spearphishing_Link_[5].pcapng;2001117;4;
T1659-Content_Injection_[5].pcapng;2100527;4;
T1659-Content_Injection_[5].pcapng;2002752;4;
T1659-Content_Injection_[5].pcapng;2002749;4;
T1659_Inyeccion_[1].pcapng;2100527;4;
T1659_Inyeccion_[1].pcapng;2002752;4;
T1659_Inyeccion_[1].pcapng;2002749;4;
T1199-Trusted_relationship_[4].pcapng;1448;1;
T1199-Trusted_relationship_[4].pcapng;2001330;2;
T1199-Trusted_relationship_[4].pcapng;2034857;4;
T1199-Trusted_relationship_[4].pcapng;2101448;4;
T1199-Trusted_relationship_[4].pcapng;2101447;4;
T1199-Trusted_relationship_[4].pcapng;2001329;4;
T1199-Trusted_relationship_[4].pcapng;2009207;4;
T1199-Trusted_relationship_[4].pcapng;2009206;4;
T1199-Trusted_relationship_[4].pcapng;2009205;4;
T1199-Trusted_relationship_[4].pcapng;2009208;4;
T1199-Trusted_relationship_[4].pcapng;2002752;4;
T1199-Trusted_relationship_[4].pcapng;2002749;4;
T1176-Browser-extension_[4].pcapng;2002752;4;
T1176-Browser-extension_[4].pcapng;2002749;4;
T1176-Browser-extension_[4].pcapng;2101917;4;
T1176-Browser-extension_[4].pcapng;2101620;4;
T1197-BITS_Jobs_[5].pcapng;2002752;4;
T1197-BITS_Jobs_[5].pcapng;2002749;4;
T1197-BITS_Jobs_[5].pcapng;50447;4;
T1542.005-TFTP_Boot_[5].pcapng;1444;1;
T1542.005-TFTP_Boot_[5].pcapng;2008120;2;
T1542.005-TFTP_Boot_[5].pcapng;2008119;2;
T1542.005-TFTP_Boot_[5].pcapng;2008118;2;
T1542.005-TFTP_Boot_[5].pcapng;2100527;4;
T1542.005-TFTP_Boot_[5].pcapng;2101444;4;
T1542.005-TFTP_Boot_[5].pcapng;2002752;4;
T1542.005-TFTP_Boot_[5].pcapng;2002749;4;
T1505.001-SQL_inyection_[3].pcapng;2011039;2;
T1505.001-SQL_inyection_[3].pcapng;2006444;2;
T1505.001-SQL_inyection_[3].pcapng;13513;3;
T1505.001-SQL_inyection_[3].pcapng;50447;3;
T1505.001-SQL_inyection_[3].pcapng;19438;3;
T1505.001-SQL_inyection_[3].pcapng;2002752;4;
T1505.001-SQL_inyection_[3].pcapng;2002749;4;
T1505.001-SQL_inyection_[3].pcapng;2100472;4;
T1505.005-Shell_Web_[2].pcapng;50447;3;
T1505.005-Shell_Web_[2].pcapng;50182;3;
T1505.005-Shell_Web_[2].pcapng;50202;3;
T1505.005-Shell_Web_[2].pcapng;2002752;4;
T1505.005-Shell_Web_[2].pcapng;2002749;4;
T1505.005-Shell_Web_[2].pcapng;2006408;4;
T1110.001-Hydra_[3].pcapng;2002752;4;
T1110.001-Hydra_[3].pcapng;2002749;4;
T1110.001-FTP-C2018_[6].pcapng;2002749;4;
T1110.001-FTP-C2018_[6].pcapng;2002752;4;
T1110.001-SSH-C2018_[6].pcapng;650;1;
T1110.001-SSH-C2018_[6].pcapng;2003068;2;
T1110.001-SSH-C2018_[6].pcapng;2001219;2;
T1110.001-SSH-C2018_[6].pcapng;19559;3;
T1110.001-SSH-C2018_[6].pcapng;17317;3;
T1110.001-SSH-C2018_[6].pcapng;2002749;4;
T1110.001-SSH-C2018_[6].pcapng;2002752;4;
T1110.001-SSH-C2018_[6].pcapng;2036752;4;
T1110.001-SSH-C2018_[6].pcapng;2100650;4;
T1040-Mac_flood_[1].pcapng;2013028;2;
T1040-Mac_flood_[1].pcapng;50447;3;
T1040-Mac_flood_[1].pcapng;2002749;4;
T1040-Mac_flood_[1].pcapng;2100528;4;
T1040-Mac_flood_[1].pcapng;2002752;4;
T1040-Mac_flood_[1].pcapng;2002824;4;
T1557.002-ARP_poisoning1_[2].pcapng;2002752;4;
T1557.002-ARP_poisoning1_[2].pcapng;2002749;4;
T1557.002-ARP_poisoning1_[2].pcapng;2100472;4;
T1557-Arp_spoof_[1].pcapng;2100366;2;
T1557-Arp_spoof_[1].pcapng;2100469;4;
T1557-Arp_spoof_[1].pcapng;2100384;4;
T1557-Arp_spoof_[1].pcapng;2002752;4;
T1557-Arp_spoof_[1].pcapng;2002749;4;
T1557-Arp_spoof_[1].pcapng;2100408;4;
T1557-Dhcp_spoofing_[1].pcapng;2100527;4;
T1557-Dhcp_spoofing_[1].pcapng;2002749;4;
T1557-Dhcp_spoofing_[1].pcapng;2002752;4;
T1557-Hole196_[1].pcapng;2100366;2;
T1557-Hole196_[1].pcapng;2100469;4;
T1557-Hole196_[1].pcapng;2100384;4;
T1557-Hole196_[1].pcapng;2002752;4;
T1557-Hole196_[1].pcapng;2002749;4;
T1557-Hole196_[1].pcapng;2100408;4;
T1557-Puente_raiz_[1].pcapng;2100366;2;
T1557-Puente_raiz_[1].pcapng;2100384;4;
T1557-Puente_raiz_[1].pcapng;2002752;4;
T1557-Puente_raiz_[1].pcapng;2002749;4;
T1557-Puente_raiz_[1].pcapng;2100408;4;
T1557-Redireccion_[1].pcapng;2100366;2;
T1557-Redireccion_[1].pcapng;2100469;4;
T1557-Redireccion_[1].pcapng;2100384;4;
T1557-Redireccion_[1].pcapng;2002752;4;
T1557-Redireccion_[1].pcapng;2002749;4;
T1557-Redireccion_[1].pcapng;2100408;4;
T1557-Redireccion_[1].pcapng;2100472;4;
T1187-Forced_Authentication_[5].pcapng, T1187-Forced_Authentication2_[5].pcapng;44486;3;
T1187-Forced_Authentication_[5].pcapng, T1187-Forced_Authentication2_[5].pcapng;44484;3;
T1187-Forced_Authentication_[5].pcapng, T1187-Forced_Authentication2_[5].pcapng;44488;3;
T1187-Forced_Authentication_[5].pcapng, T1187-Forced_Authentication2_[5].pcapng;2002752;4;
T1187-Forced_Authentication_[5].pcapng, T1187-Forced_Authentication2_[5].pcapng;2002749;4;
T1003-Os_credential_dumping_dcsync_[4].pcapng;2002752;4;
T1003-Os_credential_dumping_dcsync_[4].pcapng;2002749;4;
T1602.001-MIB_Dump_[2].pcapng;1411;1;
T1602.001-MIB_Dump_[2].pcapng;1417;1;
T1602.001-MIB_Dump_[2].pcapng;2101411;2;
T1602.001-MIB_Dump_[2].pcapng;2101417;4;
T1602.001-MIB_Dump_[2].pcapng;2002752;4;
T1602.001-MIB_Dump_[2].pcapng;2002749;4;
T1213-SQL_inyection_[3].pcapng;50447;3;
T1213-SQL_inyection_[3].pcapng;2002752;4;
T1213-SQL_inyection_[3].pcapng;2002749;4;
T1039-Data_from_network_shared_drive_[4].pcapng;44489;3;
T1039-Data_from_network_shared_drive_[4].pcapng;2002752;4;
T1039-Data_from_network_shared_drive_[4].pcapng;2002749;4;
T1039-Data_from_network_shared_drive_[4].pcapng;2044666;4;
T1039-Data_from_network_shared_drive_[4].pcapng;2051116;4;
T1114-Email_collection_remote_email_collection_[4].pcapng;2002752;4;
T1114-Email_collection_remote_email_collection_[4].pcapng;2002749;4;
T1114-Email_collection_remote_email_collection_[4].pcapng;2044666;4;
T1114-Email_collection_remote_email_collection_[4].pcapng;2100628;4;
T1565.001-SQL_inyection_[3].pcapng;2006443;2;
T1565.001-SQL_inyection_[3].pcapng;50447;3;
T1565.001-SQL_inyection_[3].pcapng;2002752;4;
T1565.001-SQL_inyection_[3].pcapng;2002749;4;
T1499.001-OS_Exhaustion_Flood_[3].pcapng;40063;1;
T1499.001-OS_Exhaustion_Flood_[3].pcapng;2012870;2;
T1499.001-OS_Exhaustion_Flood_[3].pcapng;2002752;4;
T1499.001-OS_Exhaustion_Flood_[3].pcapng;2002749;4;
T1499-Mac_spoof_[1].pcapng;2100366;2;
T1499-Mac_spoof_[1].pcapng;2100384;4;
T1499-Mac_spoof_[1].pcapng;2002752;4;
T1499-Mac_spoof_[1].pcapng;2002749;4;
T1499-Mac_spoof_[1].pcapng;2100408;4;
T1499-Mac_spoof_[1].pcapng;2101620;4;
T1499-Reseteo_[1].pcapng;2002752;4;
T1499-Reseteo_[1].pcapng;2002749;4;
T1499-Syn_suplantacion_[1].pcapng;2002752;4;
T1499-Syn_suplantacion_[1].pcapng;2002749;4;
T1499-Land_[1].pcapng;2001579;2;
T1499-Land_[1].pcapng;2100527;4;
T1499-Land_[1].pcapng;2002752;4;
T1499-Land_[1].pcapng;2002749;4;
T1499-Dhcp_flood_[1].pcapng;2100527;4;
T1499-Dhcp_flood_[1].pcapng;2002749;4;
T1499-Dhcp_flood_[1].pcapng;2002752;4;
T1499-Reflexion_synack_[1].pcapng;2002752;4;
T1499-Reflexion_synack_[1].pcapng;2002749;4;
T1499.02-Slowhttptest-C2018_[6].pcapng;2002749;4;
T1499.02-Slowhttptest-C2018_[6].pcapng;2;4;
T1499.02-Slowloris-C2018_[6].pcapng;15578;3;
T1499.02-Slowloris-C2018_[6].pcapng;2002749;4;
T1499.02-Slowloris-C2018_[6].pcapng;2002752;4;
T1499.03-Hulk-C2018_[6].pcapng;2012801;2;
T1499.03-Hulk-C2018_[6].pcapng;2002192;4;
T1499.03-Hulk-C2018_[6].pcapng;2002749;4;
T1499.03-Hulk-C2018_[6].pcapng;2002752;4;
T1499.03-Hulk-C2018_[6].pcapng;2002822;4;
T1499.03-Hulk-C2018_[6].pcapng;2012914;4;
T1499.03-GoldenEye-C2018_[6].pcapng;2016897;2;
T1499.03-GoldenEye-C2018_[6].pcapng;2002749;4;
T1499.03-GoldenEye-C2018_[6].pcapng;2002752;4;
T1499.03-GoldenEye-C2018_[6].pcapng;2106897;4;
T1498.001-MAC_table_flood_[3].pcapng;1917;1;
T1498.001-MAC_table_flood_[3].pcapng;2101917;4;
T1498.001-MAC_table_flood_[3].pcapng;2002749;4;
T1498.001-MAC_table_flood_[3].pcapng;2002752;4;
T1498.001-MAC_table_flood_[3].pcapng;2100528;4;
T1498.001-UDP_flood_1-C2018_[6].pcapng;402;1;
T1498.001-UDP_flood_1-C2018_[6].pcapng;2002749;4;
T1498.001-UDP_flood_1-C2018_[6].pcapng;2100402;4;
T1498.001-UDP_flood_1-C2018_[6].pcapng;2002752;4;
T1498.001-UDP_flood_2-C2018_[6].pcapng;402;1;
T1498.001-UDP_flood_2-C2018_[6].pcapng;2002749;4;
T1498.001-UDP_flood_2-C2018_[6].pcapng;2002752;4;
T1498.001-UDP_flood_2-C2018_[6].pcapng;2100402;4;
T1498.001-UDP_flood_2-C2018_[6].pcapng;2100525;4;
T1498.001-HTTP_flood-C2018_[6].pcapng;2002749;4;
T1498.001-HTTP_flood-C2018_[6].pcapng;2002752;4;
T1498.001-TCP_flood-C2018_[6].pcapng;50447;3;
T1498.001-TCP_flood-C2018_[6].pcapng;2002749;4;
T1498.001-TCP_flood-C2018_[6].pcapng;2002752;4;
T1498.001-UDP_flood_[2].pcapng;402;1;
T1498.001-UDP_flood_[2].pcapng;2100525;4;
T1498.001-UDP_flood_[2].pcapng;2002752;4;
T1498.001-UDP_flood_[2].pcapng;2002749;4;
T1498.001-UDP_flood_[2].pcapng;2100402;4;
T1498-Amplif_dns_[1].pcapng;2002749;4;
T1498-Amplif_dns_[1].pcapng;2100402;4;
T1498-Amplif_dns_[1].pcapng;2002752;4;
T1498-Amplif_dns_[1].pcapng;2100254;4;
T1498-Fraggle_[1].pcapng;2002752;4;
T1498-Fraggle_[1].pcapng;2002749;4;
T1498-Fraggle_[1].pcapng;2100402;4;
T1498-Smurf_[1].pcapng;2100527;4;
T1498-Smurf_[1].pcapng;2002749;4;
T1498-Smurf_[1].pcapng;2100408;4;
T1498-Smurf_[1].pcapng;2002752;4;
T1498-Smurf_[1].pcapng;2101620;4;
T1496-Cryptomining_[2].pcapng;254;1;
T1496-Cryptomining_[2].pcapng;2002752;4;
T1496-Cryptomining_[2].pcapng;2002749;4;
T1491.001-Internal_Defacement_[5].pcapng;2002752;4;
T1491.001-Internal_Defacement_[5].pcapng;2002749;4;
T1071-Tunel_[1].pcapng;2002752;4;
T1071-Tunel_[1].pcapng;2002749;4;
T1071-Tunel_[1].pcapng;2100527;4;
T1104-Multi_stage_channels_[4].pcapng;2027792;2;
T1104-Multi_stage_channels_[4].pcapng;2027793;2;
T1104-Multi_stage_channels_[4].pcapng;2002752;4;
T1104-Multi_stage_channels_[4].pcapng;2002749;4;
T1008-Fallback_channels_[4].pcapng;2027792;2;
T1008-Fallback_channels_[4].pcapng;2027793;2;
T1008-Fallback_channels_[4].pcapng;2027326;2;
T1008-Fallback_channels_[4].pcapng;44489;3;
T1008-Fallback_channels_[4].pcapng;2002752;4;
T1008-Fallback_channels_[4].pcapng;2002749;4;
T1008-Fallback_channels_[4].pcapng;2101620;4;
T1008-Fallback_channels_[4].pcapng;2044666;4;
T1008-Fallback_channels_[4].pcapng;2051116;4;
T1102.003-Web_service-one_way_communication_[4].pcapng;2027792;2;
T1102.003-Web_service-one_way_communication_[4].pcapng;2027793;2;
T1102.003-Web_service-one_way_communication_[4].pcapng;2002752;4;
T1102.003-Web_service-one_way_communication_[4].pcapng;2002749;4;
T1102.003-Web_service-one_way_communication_[4].pcapng;2100628;4;
T1090-Proxy_internal_proxy_[4].pcapng;2027794;2;
T1090-Proxy_internal_proxy_[4].pcapng;2027793;2;
T1090-Proxy_internal_proxy_[4].pcapng;2027792;2;
T1090-Proxy_internal_proxy_[4].pcapng;50447;3;
T1090-Proxy_internal_proxy_[4].pcapng;2002752;4;
T1090-Proxy_internal_proxy_[4].pcapng;2002749;4;
T1090-Proxy_internal_proxy_[4].pcapng;2101620;4;
T1001.003-Data_obfuscation_protocol_impersonation_[4].pcapng;20022752;4;
T1001.003-Data_obfuscation_protocol_impersonation_[4].pcapng;2002749;4;
T1001.002-Data_obfuscation_steganography_[4].pcapng;2002752;4;
T1001.002-Data_obfuscation_steganography_[4].pcapng;2002749;4;
T1001.002-Data_obfuscation_steganography_[4].pcapng;2100628;4;
T1105-Ingress_Tool_Transfer_[5].pcapng;2002752;4;
T1105-Ingress_Tool_Transfer_[5].pcapng;2002749;4;
T1105-Ingress_Tool_Transfer_[5].pcapng;2027768;4;
T1132.001_Standard_Encoding_[5].pcapng;2002752;4;
T1132.001_Standard_Encoding_[5].pcapng;2002749;4;
T1219-RemoteAccessSoftwareLocal_[5].pcapng, T1219-RemoteAccessSoftwareNAT_[5].pcapng;2002752;4;
T1219-RemoteAccessSoftwareLocal_[5].pcapng, T1219-RemoteAccessSoftwareNAT_[5].pcapng;2002749;4;
T1568-fastFluxDNS_[5].pcapng;366;1;
T1568-fastFluxDNS_[5].pcapng;29456;1;
T1568-fastFluxDNS_[5].pcapng;384;1;
T1568-fastFluxDNS_[5].pcapng;408;1;
T1568-fastFluxDNS_[5].pcapng;2100366;2;
T1568-fastFluxDNS_[5].pcapng;2002752;4;
T1568-fastFluxDNS_[5].pcapng;2002749;4;
T1568-fastFluxDNS_[5].pcapng;2100384;4;
T1568-fastFluxDNS_[5].pcapng;2100408;4;
T1665-Hide_Infrastructure_[5].pcapng;2002752;4;
T1665-Hide_Infrastructure_[5].pcapng;2002749;4;
T1665-Hide_Infrastructure_[5].pcapng;2100628;4;
T1572-Protocol_Tunneling_[5].pcapng;2002752;4;
T1572-Protocol_Tunneling_[5].pcapng;2002749;4;
T1573.002_AssymetricCryptography_[5].pcapng;2002752;4;
T1573.002_AssymetricCryptography_[5].pcapng;2002749;4;
T1571-SSH_[2].pcapng;13586;3;
T1571-SSH_[2].pcapng;2002752;4;
T1571-SSH_[2].pcapng;2002749;4;
T1205.001-Port_Knocking_[3].pcapng;2002752;4;
T1205.001-Port_Knocking_[3].pcapng;2002749;4;
T1070-Indicator_removal_network_share_connection_removal_[4].pcapng;2051116;4;
T1112-Modify_registry_[4].pcapng;44489;3;
T1112-Modify_registry_[4].pcapng;38319;3;
T1112-Modify_registry_[4].pcapng;2002752;4;
T1112-Modify_registry_[4].pcapng;2002749;4;
T1112-Modify_registry_[4].pcapng;2044666;4;
T1112-Modify_registry_[4].pcapng;2051116;4;
T1207-Rogue_domain_controller_[4].pcapng;2002752;4;
T1207-Rogue_domain_controller_[4].pcapng;2002749;4;
T1218.010-COM_Scriptlet_[2].pcapng;2002752;4;
T1218.010-COM_Scriptlet_[2].pcapng;2002749;4;
T1221-Template_Injection_[5].pcapng;402;1;
T1221-Template_Injection_[5].pcapng;50447;3;
T1221-Template_Injection_[5].pcapng;2002752;4;
T1221-Template_Injection_[5].pcapng;2002749;4;
T1221-Template_Injection_[5].pcapng;2013491;4;
T1221-Template_Injection_[5].pcapng;2013490;4;
T1221-Template_Injection_[5].pcapng;2009768;4;
T1221-Template_Injection_[5].pcapng;2100402;4;
T1599-NBB1_[5].pcapng, T1599-NBB2_[5].pcapng;2002752;4;
T1599-NBB1_[5].pcapng, T1599-NBB2_[5].pcapng;2002749;4;
T1599-Salto_vlan_[1].pcapng;2101620;4;
T1599-Salto_vlan_[1].pcapng;2002752;4;
T1599-Salto_vlan_[1].pcapng;2002749;4;
T1612-BuildImageOnHostLocal_[5].pcapng, T1612-BuildImageOnHostNAT_[5].pcapng;2001117;4;
T1612-BuildImageOnHostLocal_[5].pcapng, T1612-BuildImageOnHostNAT_[5].pcapng;2003195;4;
T1021-remote_services_ssh_[3].pcapng;2002752;4;
T1021-remote_services_ssh_[3].pcapng;2002749;4;
T1210-Eternal_blue_[2].pcapng;42944;1;
T1210-Eternal_blue_[2].pcapng;2102465;2;
T1210-Eternal_blue_[2].pcapng;2025992;2;
T1210-Eternal_blue_[2].pcapng;2025649;2;
T1210-Eternal_blue_[2].pcapng;2025650;2;
T1210-Eternal_blue_[2].pcapng;44487;3;
T1210-Eternal_blue_[2].pcapng;44485;3;
T1210-Eternal_blue_[2].pcapng;44489;3;
T1210-Eternal_blue_[2].pcapng;5730;3;
T1210-Eternal_blue_[2].pcapng;2002752;4;
T1210-Eternal_blue_[2].pcapng;2002749;4;
T1210-Eternal_blue_[2].pcapng;2044666;4;
T1210-Eternal_blue_[2].pcapng;2023997;4;
T1210-Eternal_blue_[2].pcapng;2044665;4;
T1210-Eternal_blue_[2].pcapng;2024766;4;
T1210-Web_attack-C2018_[6].pcapng;2002749;4;
T1210-Remote_code_execution_[2].pcapng;34225;3;
T1210-Remote_code_execution_[2].pcapng;34447;3;
T1210-Remote_code_execution_[2].pcapng;34224;3;
T1210-Remote_code_execution_[2].pcapng;50447;3;
T1210-Remote_code_execution_[2].pcapng;2002752;4;
T1210-Remote_code_execution_[2].pcapng;2002749;4;
T1210-Remote_code_execution_[2].pcapng;2010732;4;
T1563.002_RDPHijacking_[5].pcapng;1448;1;
T1563.002_RDPHijacking_[5].pcapng;2002752;4;
T1563.002_RDPHijacking_[5].pcapng;2002749;4;
T1563.002_RDPHijacking_[5].pcapng;2001117;4;
T1570-Lateral_Tool_Transfer_[5].pcapng;2002752;4;
T1570-Lateral_Tool_Transfer_[5].pcapng;2002749;4;
T1534-Internal_spearphishing_[4].pcapng;2002752;4;
T1534-Internal_spearphishing_[4].pcapng;2002749;4;
T1534-Internal_spearphishing_[4].pcapng;2001117;4;
T1046-Version_services_detection1_[3].pcapng;2002677;2;
T1046-Version_services_detection1_[3].pcapng;2101071;2;
T1046-Version_services_detection1_[3].pcapng;2101242;2;
T1046-Version_services_detection1_[3].pcapng;2027262;2;
T1046-Version_services_detection1_[3].pcapng;2016141;2;
T1046-Version_services_detection1_[3].pcapng;2101129;2;
T1046-Version_services_detection1_[3].pcapng;2100987;2;
T1046-Version_services_detection1_[3].pcapng;2027265;2;
T1046-Version_services_detection1_[3].pcapng;2027250;2;
T1046-Version_services_detection1_[3].pcapng;2018752;2;
T1046-Version_services_detection1_[3].pcapng;2027263;2;
T1046-Version_services_detection1_[3].pcapng;2101245;2;
T1046-Version_services_detection1_[3].pcapng;2027253;2;
T1046-Version_services_detection1_[3].pcapng;2101145;2;
T1046-Version_services_detection1_[3].pcapng;2010766;2;
T1046-Version_services_detection1_[3].pcapng;2100993;2;
T1046-Version_services_detection1_[3].pcapng;2101256;2;
T1046-Version_services_detection1_[3].pcapng;2101016;2;
T1046-Version_services_detection1_[3].pcapng;2019714;2;
T1046-Version_services_detection1_[3].pcapng;2101402;2;
T1046-Version_services_detection1_[3].pcapng;2049400;2;
T1046-Version_services_detection1_[3].pcapng;2009362;2;
T1046-Version_services_detection1_[3].pcapng;2009361;2;
T1046-Version_services_detection1_[3].pcapng;2101401;2;
T1046-Version_services_detection1_[3].pcapng;2030337;2;
T1046-Version_services_detection1_[3].pcapng;2101244;2;
T1046-Version_services_detection1_[3].pcapng;2049401;2;
T1046-Version_services_detection1_[3].pcapng;2011042;2;
T1046-Version_services_detection1_[3].pcapng;2010963;2;
T1046-Version_services_detection1_[3].pcapng;2006446;2;
T1046-Version_services_detection1_[3].pcapng;2006445;2;
T1046-Version_services_detection1_[3].pcapng;2009714;2;
T1046-Version_services_detection1_[3].pcapng;2019526;2;
T1046-Version_services_detection1_[3].pcapng;2101877;2;
T1046-Version_services_detection1_[3].pcapng;2101108;2;
T1046-Version_services_detection1_[3].pcapng;2016184;2;
T1046-Version_services_detection1_[3].pcapng;2100952;2;
T1046-Version_services_detection1_[3].pcapng;2100977;2;
T1046-Version_services_detection1_[3].pcapng;2100958;2;
T1046-Version_services_detection1_[3].pcapng;2100961;2;
T1046-Version_services_detection1_[3].pcapng;2100965;2;
T1046-Version_services_detection1_[3].pcapng;2011141;2;
T1046-Version_services_detection1_[3].pcapng;2011144;2;
T1046-Version_services_detection1_[3].pcapng;2011142;2;
T1046-Version_services_detection1_[3].pcapng;2011143;2;
T1046-Version_services_detection1_[3].pcapng;2021390;2;
T1046-Version_services_detection1_[3].pcapng;2101201;2;
T1046-Version_services_detection1_[3].pcapng;2101013;2;
T1046-Version_services_detection1_[3].pcapng;2101487;2;
T1046-Version_services_detection1_[3].pcapng;2101018;2;
T1046-Version_services_detection1_[3].pcapng;2009485;2;
T1046-Version_services_detection1_[3].pcapng;2102073;2;
T1046-Version_services_detection1_[3].pcapng;2049402;2;
T1046-Version_services_detection1_[3].pcapng;2101874;2;
T1046-Version_services_detection1_[3].pcapng;2100953;2;
T1046-Version_services_detection1_[3].pcapng;2100951;2;
T1046-Version_services_detection1_[3].pcapng;2100959;2;
T1046-Version_services_detection1_[3].pcapng;2100981;2;
T1046-Version_services_detection1_[3].pcapng;2100982;2;
T1046-Version_services_detection1_[3].pcapng;2101403;2;
T1046-Version_services_detection1_[3].pcapng;2016182;2;
T1046-Version_services_detection1_[3].pcapng;2011696;2;
T1046-Version_services_detection1_[3].pcapng;2011564;2;
T1046-Version_services_detection1_[3].pcapng;2009317;2;
T1046-Version_services_detection1_[3].pcapng;2009318;2;
T1046-Version_services_detection1_[3].pcapng;2010920;2;
T1046-Version_services_detection1_[3].pcapng;2009931;2;
T1046-Version_services_detection1_[3].pcapng;2010475;2;
T1046-Version_services_detection1_[3].pcapng;2012795;2;
T1046-Version_services_detection1_[3].pcapng;2009384;2;
T1046-Version_services_detection1_[3].pcapng;2009391;2;
T1046-Version_services_detection1_[3].pcapng;2009369;2;
T1046-Version_services_detection1_[3].pcapng;2012369;2;
T1046-Version_services_detection1_[3].pcapng;2002879;2;
T1046-Version_services_detection1_[3].pcapng;2010485;2;
T1046-Version_services_detection1_[3].pcapng;2008897;2;
T1046-Version_services_detection1_[3].pcapng;2017442;2;
T1046-Version_services_detection1_[3].pcapng;2010260;2;
T1046-Version_services_detection1_[3].pcapng;2009933;2;
T1046-Version_services_detection1_[3].pcapng;2012013;2;
T1046-Version_services_detection1_[3].pcapng;2009051;2;
T1046-Version_services_detection1_[3].pcapng;2010354;2;
T1046-Version_services_detection1_[3].pcapng;2008833;2;
T1046-Version_services_detection1_[3].pcapng;2010355;2;
T1046-Version_services_detection1_[3].pcapng;2009892;2;
T1046-Version_services_detection1_[3].pcapng;2009316;2;
T1046-Version_services_detection1_[3].pcapng;2010197;2;
T1046-Version_services_detection1_[3].pcapng;2010276;2;
T1046-Version_services_detection1_[3].pcapng;2010466;2;
T1046-Version_services_detection1_[3].pcapng;2017441;2;
T1046-Version_services_detection1_[3].pcapng;2010362;2;
T1046-Version_services_detection1_[3].pcapng;2010473;2;
T1046-Version_services_detection1_[3].pcapng;2009932;2;
T1046-Version_services_detection1_[3].pcapng;2011274;2;
T1046-Version_services_detection1_[3].pcapng;2010124;2;
T1046-Version_services_detection1_[3].pcapng;2010564;2;
T1046-Version_services_detection1_[3].pcapng;2010125;2;
T1046-Version_services_detection1_[3].pcapng;2011384;2;
T1046-Version_services_detection1_[3].pcapng;2011259;2;
T1046-Version_services_detection1_[3].pcapng;2017440;2;
T1046-Version_services_detection1_[3].pcapng;2010484;2;
T1046-Version_services_detection1_[3].pcapng;2009887;2;
T1046-Version_services_detection1_[3].pcapng;2009325;2;
T1046-Version_services_detection1_[3].pcapng;2009326;2;
T1046-Version_services_detection1_[3].pcapng;2009229;2;
T1046-Version_services_detection1_[3].pcapng;2009071;2;
T1046-Version_services_detection1_[3].pcapng;2019524;2;
T1046-Version_services_detection1_[3].pcapng;2002901;2;
T1046-Version_services_detection1_[3].pcapng;2014180;2;
T1046-Version_services_detection1_[3].pcapng;2010254;2;
T1046-Version_services_detection1_[3].pcapng;2017436;2;
T1046-Version_services_detection1_[3].pcapng;50447;3;
T1046-Version_services_detection1_[3].pcapng;300003;3;
T1046-Version_services_detection1_[3].pcapng;31940;3;
T1046-Version_services_detection1_[3].pcapng;2002752;4;
T1046-Version_services_detection1_[3].pcapng;2002749;4;
T1046-Version_services_detection1_[3].pcapng;2003595;4;
T1046-Version_services_detection1_[3].pcapng;2009885;4;
T1046-Version_services_detection1_[3].pcapng;2100971;4;
T1046-Version_services_detection1_[3].pcapng;2101852;4;
T1046-Version_services_detection1_[3].pcapng;2010767;4;
T1046-Version_services_detection1_[3].pcapng;2102056;4;
T1046-Version_services_detection1_[3].pcapng;2101288;4;
T1046-Version_services_detection1_[3].pcapng;2101738;4;
T1046-Version_services_detection1_[3].pcapng;2009151;4;
T1046-Version_services_detection1_[3].pcapng;2001343;4;
T1046-Version_services_detection1_[3].pcapng;2003099;4;
T1046-Version_services_detection1_[3].pcapng;2014379;4;
T1046-Version_services_detection1_[3].pcapng;2011031;4;
T1046-Version_services_detection1_[3].pcapng;2101002;4;
T1046-Version_services_detection1_[3].pcapng;2101945;4;
T1046-Version_services_detection1_[3].pcapng;2101829;4;
T1046-Version_services_detection1_[3].pcapng;2012911;4;
T1046-Version_services_detection1_[3].pcapng;2101122;4;
T1046-Version_services_detection1_[3].pcapng;2100988;4;
T1046-Version_services_detection1_[3].pcapng;2001949;4;
T1046-Version_services_detection1_[3].pcapng;2012913;4;
T1046-Version_services_detection1_[3].pcapng;2011040;4;
T1046-Version_services_detection1_[3].pcapng;2001218;4;
T1046-Version_services_detection1_[3].pcapng;2101827;4;
T1046-Version_services_detection1_[3].pcapng;2004589;4;
T1046-Version_services_detection1_[3].pcapng;2004592;4;
T1046-Version_services_detection1_[3].pcapng;2100915;4;
T1046-Version_services_detection1_[3].pcapng;2009001;4;
T1046-Version_services_detection1_[3].pcapng;2020296;4;
T1046-Version_services_detection1_[3].pcapng;2002731;4;
T1046-Version_services_detection1_[3].pcapng;2100937;4;
T1046-Version_services_detection1_[3].pcapng;2101847;4;
T1046-Version_services_detection1_[3].pcapng;2101111;4;
T1046-Version_services_detection1_[3].pcapng;2002070;4;
T1046-Version_services_detection1_[3].pcapng;2101193;4;
T1046-Version_services_detection1_[3].pcapng;2101023;4;
T1046-Version_services_detection1_[3].pcapng;2101372;4;
T1046-Version_services_detection1_[3].pcapng;2009884;4;
T1046-Version_services_detection1_[3].pcapng;2102131;4;
T1046-Version_services_detection1_[3].pcapng;2101156;4;
T1046-Version_services_detection1_[3].pcapng;2101110;4;
T1046-Version_services_detection1_[3].pcapng;2101489;4;
T1046-Version_services_detection1_[3].pcapng;2101332;4;
T1046-Version_services_detection1_[3].pcapng;2002133;4;
T1046-Version_services_detection1_[3].pcapng;2010377;4;
T1046-Version_services_detection1_[3].pcapng;2009435;4;
T1046-Version_services_detection1_[3].pcapng;2003670;4;
T1046-Version_services_detection1_[3].pcapng;2009167;4;
T1046-Version_services_detection1_[3].pcapng;2010095;4;
T1046-Version_services_detection1_[3].pcapng;2003740;4;
T1046-Version_services_detection1_[3].pcapng;2009397;4;
T1046-Version_services_detection1_[3].pcapng;2002681;4;
T1046-Version_services_detection1_[3].pcapng;2009848;4;
T1046-Version_services_detection1_[3].pcapng;2009321;4;
T1046-Version_services_detection1_[3].pcapng;2009311;4;
T1046-Version_services_detection1_[3].pcapng;2009313;4;
T1046-Version_services_detection1_[3].pcapng;2009382;4;
T1046-Version_services_detection1_[3].pcapng;2009367;4;
T1046-Version_services_detection1_[3].pcapng;2009757;4;
T1046-Version_services_detection1_[3].pcapng;2009758;4;
T1046-Version_services_detection1_[3].pcapng;2009759;4;
T1046-Version_services_detection1_[3].pcapng;2009755;4;
T1046-Version_services_detection1_[3].pcapng;2009756;4;
T1046-Version_services_detection1_[3].pcapng;2009760;4;
T1046-Version_services_detection1_[3].pcapng;2009754;4;
T1046-Version_services_detection1_[3].pcapng;2009466;4;
T1046-Version_services_detection1_[3].pcapng;2009467;4;
T1046-Version_services_detection1_[3].pcapng;2009468;4;
T1046-Version_services_detection1_[3].pcapng;2009059;4;
T1046-Version_services_detection1_[3].pcapng;2009060;4;
T1046-Version_services_detection1_[3].pcapng;2009061;4;
T1046-Version_services_detection1_[3].pcapng;2009062;4;
T1046-Version_services_detection1_[3].pcapng;2009877;4;
T1046-Version_services_detection1_[3].pcapng;2009871;4;
T1046-Version_services_detection1_[3].pcapng;2009872;4;
T1046-Version_services_detection1_[3].pcapng;2009873;4;
T1046-Version_services_detection1_[3].pcapng;2009196;4;
T1046-Version_services_detection1_[3].pcapng;2003738;4;
T1046-Version_services_detection1_[3].pcapng;2010099;4;
T1046-Version_services_detection1_[3].pcapng;2003699;4;
T1046-Version_services_detection1_[3].pcapng;2009459;4;
T1046-Version_services_detection1_[3].pcapng;2009898;4;
T1046-Version_services_detection1_[3].pcapng;2009166;4;
T1046-Version_services_detection1_[3].pcapng;2003677;4;
T1046-Version_services_detection1_[3].pcapng;2003682;4;
T1046-Version_services_detection1_[3].pcapng;2003704;4;
T1046-Version_services_detection1_[3].pcapng;2008826;4;
T1046-Version_services_detection1_[3].pcapng;2009307;4;
T1046-Version_services_detection1_[3].pcapng;2002815;4;
T1046-Version_services_detection1_[3].pcapng;2009788;4;
T1046-Version_services_detection1_[3].pcapng;2010027;4;
T1046-Version_services_detection1_[3].pcapng;2003678;4;
T1046-Version_services_detection1_[3].pcapng;2003679;4;
T1046-Version_services_detection1_[3].pcapng;2009225;4;
T1046-Version_services_detection1_[3].pcapng;2010252;4;
T1046-Version_services_detection1_[3].pcapng;2009793;4;
T1046-Version_services_detection1_[3].pcapng;2003731;4;
T1046-Version_services_detection1_[3].pcapng;2009163;4;
T1046-Version_services_detection1_[3].pcapng;2003688;4;
T1046-Version_services_detection1_[3].pcapng;2003696;4;
T1046-Version_services_detection1_[3].pcapng;2009398;4;
T1046-Version_services_detection1_[3].pcapng;2002800;4;
T1046-Version_services_detection1_[3].pcapng;2003703;4;
T1046-Version_services_detection1_[3].pcapng;2100884;4;
T1046-Version_services_detection1_[3].pcapng;2003729;4;
T1046-Version_services_detection1_[3].pcapng;2003728;4;
T1046-Version_services_detection1_[3].pcapng;2003727;4;
T1046-Version_services_detection1_[3].pcapng;2003726;4;
T1046-Version_services_detection1_[3].pcapng;2009101;4;
T1046-Version_services_detection1_[3].pcapng;2008904;4;
T1046-Version_services_detection1_[3].pcapng;2008903;4;
T1046-Version_services_detection1_[3].pcapng;2008900;4;
T1046-Version_services_detection1_[3].pcapng;2008901;4;
T1046-Version_services_detection1_[3].pcapng;2008902;4;
T1046-Version_services_detection1_[3].pcapng;2010126;4;
T1046-Version_services_detection1_[3].pcapng;2003671;4;
T1046-Version_services_detection1_[3].pcapng;2003739;4;
T1046-Version_services_detection1_[3].pcapng;2003333;4;
T1046-Version_services_detection1_[3].pcapng;2008922;4;
T1046-Version_services_detection1_[3].pcapng;2009427;4;
T1046-Version_services_detection1_[3].pcapng;2002902;4;
T1046-Version_services_detection1_[3].pcapng;2008871;4;
T1046-Version_services_detection1_[3].pcapng;2003680;4;
T1046-Version_services_detection1_[3].pcapng;2003698;4;
T1046-Version_services_detection1_[3].pcapng;2003701;4;
T1046-Version_services_detection1_[3].pcapng;2008879;4;
T1046-Version_services_detection1_[3].pcapng;2009381;4;
T1046-Version_services_detection1_[3].pcapng;2009386;4;
T1046-Version_services_detection1_[3].pcapng;2009188;4;
T1046-Version_services_detection1_[3].pcapng;2009903;4;
T1046-Version_services_detection1_[3].pcapng;2008899;4;
T1046-Version_services_detection1_[3].pcapng;2009180;4;
T1046-Version_services_detection1_[3].pcapng;2003737;4;
T1046-Version_services_detection1_[3].pcapng;2003717;4;
T1046-Version_services_detection1_[3].pcapng;2003517;4;
T1046-Version_services_detection1_[3].pcapng;2003732;4;
T1046-Version_services_detection1_[3].pcapng;2003733;4;
T1046-Version_services_detection1_[3].pcapng;2003718;4;
T1046-Version_services_detection1_[3].pcapng;2003700;4;
T1046-Version_services_detection1_[3].pcapng;2003689;4;
T1046-Version_services_detection1_[3].pcapng;2009364;4;
T1046-Version_services_detection1_[3].pcapng;2002996;4;
T1046-Version_services_detection1_[3].pcapng;2003331;4;
T1046-Version_services_detection1_[3].pcapng;2003672;4;
T1046-Version_services_detection1_[3].pcapng;2003673;4;
T1046-Version_services_detection1_[3].pcapng;2003674;4;
T1046-Version_services_detection1_[3].pcapng;2003675;4;
T1046-Version_services_detection1_[3].pcapng;2003676;4;
T1046-Version_services_detection1_[3].pcapng;2009415;4;
T1046-Version_services_detection1_[3].pcapng;2003660;4;
T1046-Version_services_detection1_[3].pcapng;2003661;4;
T1046-Version_services_detection1_[3].pcapng;2003664;4;
T1046-Version_services_detection1_[3].pcapng;2003662;4;
T1046-Version_services_detection1_[3].pcapng;2009372;4;
T1046-Version_services_detection1_[3].pcapng;2003663;4;
T1046-Version_services_detection1_[3].pcapng;2003665;4;
T1046-Version_services_detection1_[3].pcapng;2003666;4;
T1046-Version_services_detection1_[3].pcapng;2003667;4;
T1046-Version_services_detection1_[3].pcapng;2003668;4;
T1046-Version_services_detection1_[3].pcapng;2003681;4;
T1046-Version_services_detection1_[3].pcapng;2003694;4;
T1046-Version_services_detection1_[3].pcapng;2002898;4;
T1046-Version_services_detection1_[3].pcapng;2003705;4;
T1046-Version_services_detection1_[3].pcapng;2003706;4;
T1046-Version_services_detection1_[3].pcapng;2003707;4;
T1046-Version_services_detection1_[3].pcapng;2003708;4;
T1046-Version_services_detection1_[3].pcapng;2003715;4;
T1046-Version_services_detection1_[3].pcapng;2003709;4;
T1046-Version_services_detection1_[3].pcapng;2003711;4;
T1046-Version_services_detection1_[3].pcapng;2003713;4;
T1046-Version_services_detection1_[3].pcapng;2003712;4;
T1046-Version_services_detection1_[3].pcapng;2003710;4;
T1046-Version_services_detection1_[3].pcapng;2003714;4;
T1046-Version_services_detection1_[3].pcapng;2003867;4;
T1046-Version_services_detection1_[3].pcapng;2003693;4;
T1046-Version_services_detection1_[3].pcapng;2009370;4;
T1046-Version_services_detection1_[3].pcapng;2009371;4;
T1046-Version_services_detection1_[3].pcapng;2008964;4;
T1046-Version_services_detection1_[3].pcapng;2009504;4;
T1046-Version_services_detection1_[3].pcapng;2009502;4;
T1046-Version_services_detection1_[3].pcapng;2009723;4;
T1046-Version_services_detection1_[3].pcapng;2003702;4;
T1046-Version_services_detection1_[3].pcapng;2008962;4;
T1046-Version_services_detection1_[3].pcapng;2009164;4;
T1046-Version_services_detection1_[3].pcapng;2003720;4;
T1046-Version_services_detection1_[3].pcapng;2003719;4;
T1046-Version_services_detection1_[3].pcapng;2003721;4;
T1046-Version_services_detection1_[3].pcapng;2009123;4;
T1046-Version_services_detection1_[3].pcapng;2009506;4;
T1046-Version_services_detection1_[3].pcapng;2003741;4;
T1046-Version_services_detection1_[3].pcapng;2003743;4;
T1046-Version_services_detection1_[3].pcapng;2003744;4;
T1046-Version_services_detection1_[3].pcapng;2003745;4;
T1046-Version_services_detection1_[3].pcapng;2008996;4;
T1046-Version_services_detection1_[3].pcapng;2009179;4;
T1046-Version_services_detection1_[3].pcapng;2009333;4;
T1046-Version_services_detection1_[3].pcapng;2009733;4;
T1046-Version_services_detection1_[3].pcapng;2003669;4;
T1046-Version_services_detection1_[3].pcapng;2009656;4;
T1046-Version_services_detection1_[3].pcapng;2009653;4;
T1046-Version_services_detection1_[3].pcapng;2009378;4;
T1046-Version_services_detection1_[3].pcapng;2009717;4;
T1046-Version_services_detection1_[3].pcapng;2009379;4;
T1046-Version_services_detection1_[3].pcapng;2003716;4;
T1046-Version_services_detection1_[3].pcapng;2003692;4;
T1046-Version_services_detection1_[3].pcapng;2003747;4;
T1046-Version_services_detection1_[3].pcapng;2003686;4;
T1046-Version_services_detection1_[3].pcapng;2009190;4;
T1046-Version_services_detection1_[3].pcapng;2011160;4;
T1046-Version_services_detection2_[3].pcapng;384;1;
T1046-Version_services_detection2_[3].pcapng;453;1;
T1046-Version_services_detection2_[3].pcapng;408;1;
T1046-Version_services_detection2_[3].pcapng;451;1;
T1046-Version_services_detection2_[3].pcapng;1421;1;
T1046-Version_services_detection2_[3].pcapng;1420;1;
T1046-Version_services_detection2_[3].pcapng;1418;1;
T1046-Version_services_detection2_[3].pcapng;257;1;
T1046-Version_services_detection2_[3].pcapng;598;1;
T1046-Version_services_detection2_[3].pcapng;2010937;2;
T1046-Version_services_detection2_[3].pcapng;2010939;2;
T1046-Version_services_detection2_[3].pcapng;2010938;2;
T1046-Version_services_detection2_[3].pcapng;2002911;2;
T1046-Version_services_detection2_[3].pcapng;2010936;2;
T1046-Version_services_detection2_[3].pcapng;2010935;2;
T1046-Version_services_detection2_[3].pcapng;2002910;2;
T1046-Version_services_detection2_[3].pcapng;2100257;2;
T1046-Version_services_detection2_[3].pcapng;2100598;2;
T1046-Version_services_detection2_[3].pcapng;2009358;2;
T1046-Version_services_detection2_[3].pcapng;2024364;2;
T1046-Version_services_detection2_[3].pcapng;36650;3;
T1046-Version_services_detection2_[3].pcapng;13586;3;
T1046-Version_services_detection2_[3].pcapng;50447;3;
T1046-Version_services_detection2_[3].pcapng;2100469;4;
T1046-Version_services_detection2_[3].pcapng;2100384;4;
T1046-Version_services_detection2_[3].pcapng;2002752;4;
T1046-Version_services_detection2_[3].pcapng;2002749;4;
T1046-Version_services_detection2_[3].pcapng;2009582;4;
T1046-Version_services_detection2_[3].pcapng;2000538;4;
T1046-Version_services_detection2_[3].pcapng;2100453;4;
T1046-Version_services_detection2_[3].pcapng;2100408;4;
T1046-Version_services_detection2_[3].pcapng;2100451;4;
T1046-Version_services_detection2_[3].pcapng;2001689;4;
T1046-Version_services_detection2_[3].pcapng;2100615;4;
T1046-Version_services_detection2_[3].pcapng;2101420;4;
T1046-Version_services_detection2_[3].pcapng;2101418;4;
T1046-C2018_[6].pcapng;2035480;2;
T1046-C2018_[6].pcapng;2025644;2;
T1046-C2018_[6].pcapng;2002749;4;
T1046-C2018_[6].pcapng;2002752;4;
T1046-C2018_[6].pcapng;2000419;4;
T1018-service_discovery_[3].pcapng;2010937;2;
T1018-service_discovery_[3].pcapng;2010935;2;
T1018-service_discovery_[3].pcapng;2010936;2;
T1018-service_discovery_[3].pcapng;2010939;2;
T1018-service_discovery_[3].pcapng;2002910;2;
T1018-service_discovery_[3].pcapng;2002911;2;
T1018-service_discovery_[3].pcapng;200911;3;
T1018-service_discovery_[3].pcapng;2002752;4;
T1018-service_discovery_[3].pcapng;2002749;4;
T1018-service_discovery_[3].pcapng;2101418;4;
T1018-service_discovery_[3].pcapng;2100615;4;
T1615-Group_Policy_Discovery_[5].pcapng;2002749;4;
T1615-Group_Policy_Discovery_[5].pcapng;2002752;4;
T1033-System_owner_[4].pcapng;44489;3;
T1033-System_owner_[4].pcapng;2002752;4;
T1033-System_owner_[4].pcapng;2002749;4;
T1033-System_owner_[4].pcapng;2044666;4;
T1033-System_owner_[4].pcapng;2051116;4;
T1482-Domain_trust_discovery_[4].pcapng;2002752;4;
T1482-Domain_trust_discovery_[4].pcapng;2002749;4;
T1048.003-Exfiltration_over_ICMP_[2].pcapng;29456;1;
T1048.003-Exfiltration_over_ICMP_[2].pcapng;384;1;
T1048.003-Exfiltration_over_ICMP_[2].pcapng;408;1;
T1048.003-Exfiltration_over_ICMP_[2].pcapng;31767;3;
T1048.003-Exfiltration_over_ICMP_[2].pcapng;2100384;4;
T1048.003-Exfiltration_over_ICMP_[2].pcapng;2002752;4;
T1048.003-Exfiltration_over_ICMP_[2].pcapng;2002749;4;
T1048.003-Exfiltration_over_ICMP_[2].pcapng;2100408;4;
T1048.003-Exfiltration_over_FTP_[3].pcapng;2043217;2;
T1048.003-Exfiltration_over_FTP_[3].pcapng;504;3;
T1048.003-Exfiltration_over_FTP_[3].pcapng;2002752;4;
T1048.003-Exfiltration_over_FTP_[3].pcapng;2002749;4;
T1048.003-Exfiltration_over_FTP_[3].pcapng;2100472;4;
T1048.003-Exfiltration_over_FTP_[3].pcapng;2006409;4;
T1048.003-Exfiltration_over_FTP_[3].pcapng;2003303;4;
T1048.003-Exfiltration_over_FTP_[3].pcapng;2003410;4;
T1048.003-Exfiltration_over_FTP_[3].pcapng;2015016;4;
T1048.003-Exfiltration_over_FTP_[3].pcapng;50447;4;
T1020.001-Automated_exfiltration_traffic_duplication_[4].pcapng;2002752;4;
T1020.001-Automated_exfiltration_traffic_duplication_[4].pcapng;2002749;4;
T1029-Scheduled_transfer_[4].pcapng;2027792;2;
T1029-Scheduled_transfer_[4].pcapng;2027793;2;
T1029-Scheduled_transfer_[4].pcapng;2002752;4;
T1029-Scheduled_transfer_[4].pcapng;2002749;4;
T1029-Scheduled_transfer_[4].pcapng;2101917;4;
T1030-Transfer_Size_Limits_[5].pcapng;2002752;4;
T1030-Transfer_Size_Limits_[5].pcapng;2002749;4;
T1041-exfiltration_over_c2_channel_[3].pcapng;2043217;2;
T1041-exfiltration_over_c2_channel_[3].pcapng;2034567;2;
T1041-exfiltration_over_c2_channel_[3].pcapng;2013028;2;
T1041-exfiltration_over_c2_channel_[3].pcapng;2016992;2;
T1041-exfiltration_over_c2_channel_[3].pcapng;50447;3;
T1041-exfiltration_over_c2_channel_[3].pcapng;2002752;4;
T1041-exfiltration_over_c2_channel_[3].pcapng;2002749;4;
T1041-exfiltration_over_c2_channel_[3].pcapng;2006409;4;
T1041-exfiltration_over_c2_channel_[3].pcapng;2002824;4;
T1204.001-malicious_link_[3].pcapng;2002752;4;
T1204.001-malicious_link_[3].pcapng;2002749;4;
T1047-WinRM_[2].pcapng;1394;1;
T1047-WinRM_[2].pcapng;20619;3;
T1047-WinRM_[2].pcapng;2002752;4;
T1047-WinRM_[2].pcapng;2002749;4;
T1203-C2018_[6].pcapng;2002749;4;
T1569-System_services_service_execution_[4].pcapng;459;1;
T1569-System_services_service_execution_[4].pcapng;2010781;2;
T1569-System_services_service_execution_[4].pcapng;2025701;2;
T1569-System_services_service_execution_[4].pcapng;2025699;2;
T1569-System_services_service_execution_[4].pcapng;2027237;2;
T1569-System_services_service_execution_[4].pcapng;44489;3;
T1569-System_services_service_execution_[4].pcapng;30281;3;
T1569-System_services_service_execution_[4].pcapng;26385;3;
T1569-System_services_service_execution_[4].pcapng;2101620;4;
T1569-System_services_service_execution_[4].pcapng;2100459;4;
T1569-System_services_service_execution_[4].pcapng;2044666;4;
T1569-System_services_service_execution_[4].pcapng;2051116;4;
T1569-System_services_service_execution_[4].pcapng;2024510;4;
T1569-System_services_service_execution_[4].pcapng;2002752;4;
T1569-System_services_service_execution_[4].pcapng;2002749;4;
T1569-System_services_service_execution_[4].pcapng;2027191;4;
