TÁCTICA,Técnica,ID,Táctica Adicional,Implementada,Subtécnica,ID.1,Técnicas Adicionales,Detectable por Red,Sólo Detectable por Red,Detectable mediante patrones,Mecanismo de detección,Implementada.1,Unnamed: 13,Unnamed: 14,Unnamed: 15
Reconnaissance,Active Scanning,T1595,-,1,Scanning IP Blocks,T1595.001,-,1,1,-,-,0,,,
Reconnaissance,Active Scanning,T1595,-,1,Vulnerability Scanning,T1595.002,-,1,1,1,Regla genérica que detecte el envío de paquetes TCP con flag SYN activado a varios puertos diferentes,1,,,  
Reconnaissance,Active Scanning,T1595,-,1,Wordlist Scanning,T1595.003,-,1,1,1,Regla genérica que detecte peticiones HTTP hacia muchas URLs diferentes con destino el mismo servidor,1,,,
Reconnaissance,Gather Victim Host Information,T1592,-,0,Hardware,T1592.001,-,0,0,-,-,0,,,
Reconnaissance,Gather Victim Host Information,T1592,-,0,Software,T1592.002,-,0,0,-,-,0,,,
Reconnaissance,Gather Victim Host Information,T1592,-,0,Firmware,T1592.003,-,0,0,-,-,0,,,
Reconnaissance,Gather Victim Host Information,T1592,-,0,Client Configurations,T1592.004,-,0,0,-,-,0,,,
Reconnaissance,Gather Victim Identity Information,T1589,-,1,Credentials,T1589.001,-,0,0,-,-,0,,,
Reconnaissance,Gather Victim Identity Information,T1589,-,1,Email Addresses,T1589.002,-,1,1,1,Regla genérica que detecte un número elevado de intentos de conexión y mensajes ehlo SMTP procedentes de un mismo origen hacia un servidor.,1,,,
Reconnaissance,Gather Victim Identity Information,T1589,-,1,Employee Names,T1589.003,-,0,0,-,-,0,,,
Reconnaissance,Gather Victim Network Information,T1590,-,0,Domain Properties,T1590.001,-,0,0,-,-,0,,,
Reconnaissance,Gather Victim Network Information,T1590,-,0,DNS,T1590.002,-,0,0,-,-,0,,,
Reconnaissance,Gather Victim Network Information,T1590,-,0,Network Trust Dependencies,T1590.003,-,0,0,-,-,0,,,
Reconnaissance,Gather Victim Network Information,T1590,-,0,Network Topology,T1590.004,-,0,0,-,-,0,,,
Reconnaissance,Gather Victim Network Information,T1590,-,0,IP Addresses,T1590.005,-,0,0,-,-,0,,,
Reconnaissance,Gather Victim Network Information,T1590,-,0,Network Security Appliances,T1590.006,-,0,0,-,-,0,,,
Reconnaissance,Gather Victim Org Information,T1591,-,0,Determine Physical Locations,T591.001,-,0,0,-,-,0,,,
Reconnaissance,Gather Victim Org Information,T1591,-,0,Business Relationships,T591.002,-,0,0,-,-,0,,,
Reconnaissance,Gather Victim Org Information,T1591,-,0,Identify Business Tempo,T591.003,-,0,0,-,-,0,,,
Reconnaissance,Gather Victim Org Information,T1591,-,0,Identify Roles,T591.004,-,0,0,-,-,0,,,
Reconnaissance,Phishing for Information,T1598,-,1,Spearphishing Attachment,T1598.002,-,1,0,0,-,0,,,
Reconnaissance,Phishing for Information,T1598,-,1,Spearphishing Link,T1598.003,-,1,0,0,Detección por listas negras/anomalías que permitan detectar tráfico de red correspondiente a correos electrónicos con enlaces maliciosos,1,,,
Reconnaissance,Phishing for Information,T1598,-,1,Spearphishing via Service,T1598.001,-,1,0,0,-,0,,,
Reconnaissance,Phishing for Information,T1598,-,1,Spearphishing Voice,T1598.004,-,0,0,0,-,0,,,
Reconnaissance,Search Closed Sources,T1597,-,0,Threat Intel Vendor,T1597.001,-,0,0,-,-,0,,,
Reconnaissance,Search Closed Sources,T1597,-,0,Purchase Technical Data,T1597.002,-,0,0,-,-,0,,,
Reconnaissance,Search Open Technical Databases,T1596,-,1,DNS/Pasive DNS,T1596.001,-,0,0,1,"Regla genérica que detecte paquetes TCP dirigidos al puerto 53 que tengan los bytes ""Question"" igual a 1 y el resto a cero. Además, el campo ""Type"" debe tomar el valor ""00 FC""",1,,,
Reconnaissance,Search Open Technical Databases,T1596,-,1,WHOIS,T1596.002,-,0,0,-,-,0,,,
Reconnaissance,Search Open Technical Databases,T1596,-,1,Digital Certificates,T1596.003,-,0,0,-,-,0,,,
Reconnaissance,Search Open Technical Databases,T1596,-,1,CDNs,T1596.004,-,0,0,-,-,0,,,
Reconnaissance,Search Open Technical Databases,T1596,-,1,Scan Databases,T1596.005,-,0,0,-,-,0,,,
Reconnaissance,Search Open Websites/Domains,T1593,-,0,Social Media,T1593.001,-,0,0,-,-,0,,,
Reconnaissance,Search Open Websites/Domains,T1593,-,0,Search Engines,T1593.002,-,0,0,-,-,0,,,
Reconnaissance,Search Open Websites/Domains,T1593,-,0,Code Repositories,T1593.003,-,0,0,-,-,0,,,
Reconnaissance,Search Victim-Owned Websites,T1594,-,0,-,-,-,0,0,-,-,0,,,
Resource Development,Acquire Access,T1650,-,0,-,-,-,0,0,-,-,0,,,
Resource Development,Acquire Infrastucture,T1583,-,0,Domains,T1583.001,-,0,0,-,-,0,,,
Resource Development,Acquire Infrastucture,T1583,-,0,DNS Server,T1583.002,-,0,0,-,-,0,,,
Resource Development,Acquire Infrastucture,T1583,-,0,Virtual Private Server,T1583.003,-,0,0,-,-,0,,,
Resource Development,Acquire Infrastucture,T1583,-,0,Server,T1583.004,-,0,0,-,-,0,,,
Resource Development,Acquire Infrastucture,T1583,-,0,Botnet,T1583.005,-,0,0,-,-,0,,,
Resource Development,Acquire Infrastucture,T1583,-,0,Web Services,T1583.006,-,0,0,-,-,0,,,
Resource Development,Acquire Infrastucture,T1583,-,0,Serverless,T1583.007,-,0,0,-,-,0,,,
Resource Development,Acquire Infrastucture,T1583,-,0,Malvertising,T1583.008,-,0,0,-,-,0,,,
Resource Development,Compromise Accounts,T1586,-,1,Social Media Accounts,T1586.001,-,1,0,1,Regla genérica que detecte el envío de una contraseña sobre el cuerpo de una petición HTTP POST.,1,,,
Resource Development,Compromise Accounts,T1586,-,1,Email Accounts,T1586.002,-,0,0,-,-,0,,,
Resource Development,Compromise Accounts,T1586,-,1,Cloud Accounts,T1586.003,-,0,0,-,-,0,,,
Resource Development,Compromise Infrastructure,T1584,-,0,Domains,T1584.001,-,0,0,-,-,0,,,
Resource Development,Compromise Infrastructure,T1584,-,0,DNS Server,T1584.002,-,0,0,0,"Una vez el servidor DNS se encuentra comprometido, no es posible determinar si las redirecciones basadas en una caché envenenada son maliciosas o no",1,,,
Resource Development,Compromise Infrastructure,T1584,-,0,Virtual Private Server,T1584.003,-,0,0,-,-,0,,,
Resource Development,Compromise Infrastructure,T1584,-,0,Server,T1584.004,-,0,0,-,-,0,,,
Resource Development,Compromise Infrastructure,T1584,-,0,Botnet,T1584.005,-,0,0,0,"La detección debe centrarse en otras fases del ciclo de vida de un ataque, como Phishing, DDoS...",1,,,
Resource Development,Compromise Infrastructure,T1584,-,0,Web Services,T1584.006,-,0,0,-,-,0,,,
Resource Development,Compromise Infrastructure,T1584,-,0,Serverless,T1584.007,-,0,0,-,-,0,,,
Resource Development,Compromise Infrastructure,T1584,-,0,Network Devices,T1584.008,-,0,0,-,-,0,,,
Resource Development,Develop Capabilities,T1587,-,0,Malware,T1587.001,-,0,0,-,-,0,,,
Resource Development,Develop Capabilities,T1587,-,0,Code Signing Certificates,T1587.002,-,0,0,-,-,0,,,
Resource Development,Develop Capabilities,T1587,-,0,Digital Certificates,T1587.003,-,0,0,-,-,0,,,
Resource Development,Develop Capabilities,T1587,-,0,Exploits,T1587.004,-,0,0,-,-,0,,,
Resource Development,Establish Accounts,T1585,-,1,Social Media Accounts,T1585.001,-,1,0,0,"Siempre y cuando el origen sea la red a proteger, detección por anomalías que identifique un incipiente aumento de las peticiones a servidores de redes sociales.",1,,,
Resource Development,Establish Accounts,T1585,-,1,Email Accounts,T1585.002,-,0,0,-,-,0,,,
Resource Development,Establish Accounts,T1585,-,1,Cloud Accounts,T1585.003,-,0,0,-,-,0,,,
Resource Development,Obtain Capabilities,T1588,-,0,Malware,T1588.001,-,0,0,-,-,0,,,
Resource Development,Obtain Capabilities,T1588,-,0,Tool,T1588.002,-,0,0,-,-,0,,,
Resource Development,Obtain Capabilities,T1588,-,0,Code Signing Certificates,T1588.003,-,0,0,-,-,0,,,
Resource Development,Obtain Capabilities,T1588,-,0,Digital Certificates,T1588.004,-,0,0,-,-,0,,,
Resource Development,Obtain Capabilities,T1588,-,0,Exploits,T1588.005,-,0,0,-,-,0,,,
Resource Development,Obtain Capabilities,T1588,-,0,Vulnerabilities,T1588.006,-,0,0,-,-,0,,,
Resource Development,Obtain Capabilities,T1588,-,0,Artificial Intelligence,T1588.007,-,0,0,-,-,0,,,
Resource Development,Stage Capabilities,T1608,-,0,Upload Malware,T1608.001,-,0,0,-,-,0,,,
Resource Development,Stage Capabilities,T1608,-,0,Upload Tool,T1608.002,-,0,0,-,-,0,,,
Resource Development,Stage Capabilities,T1608,-,0,Install Digital Certificate,T1608.003,-,0,0,-,-,0,,,
Resource Development,Stage Capabilities,T1608,-,0,Drive-by Target,T1608.004,-,0,0,-,-,0,,,
Resource Development,Stage Capabilities,T1608,-,0,Link Target,T1608.005,-,0,0,-,-,0,,,
Resource Development,Stage Capabilities,T1608,-,0,SEO Poisoning,T1608.006,-,0,0,-,-,0,,,
Initial Access,Content Injection,T1659,Command and Control,1,-,-,-,1,0,"NO, salvo circunstancias concretas del ataque",La detección de esta técnica será más o menos viales dependiendo del objetivo y método del atacante. Si el ataque se realiza en conjunto con protocolos de gestion(DHCP) dificultará la detección. Resultará necesario monitorizar por la distribución a traves del tráfico de red de archivos malware,1,,,
Initial Access,Drive-by Compromise,T1189,-,1,-,-,-,1,0,"NO, salvo circunstancias concretas del ataque","La detección de esta técnica será más o menos viable dependiendo del objetivo y método del atacante. Si el foco está fijado en la obtención de credenciales, si el ataque está elaborado resulta prácticamente imposible su detección. En caso de que se busque un acceso a la red de manera directa mediante ejecutables y/o malware, el tipo de contenido marcará su grado de detección.",1,,,
Initial Access,Exploit Public-Facing Application,T1190,-,1,-,-,-,1,0,1,Regla que detecte un posible intento al esquema de informacion de un servidor MySQL. Regla que detecte una sentencia SQL pudiendose tratar de una posible inyeccion SQL. Regla que detecte posible escaneo de vulnerabilidades de inyeccion SQL.,1,,,
Initial Access,External Remote Services,T1133,Persistence,1,-,-,-,1,0,"NO, salvo circunstancias concretas y reglas personalizadas","Existen varias variantes.
 Circunstancias concretas del ataque: el atacante realiza algún ataque posterior una vez ha logrado acceder a la red (no aplicable a esta técnica) como un escaneo de red o mensajes de anuncio de Host.
 Reglas personalizadas: regla que compruebe si las direcciones IP involucradas en los paquetes se corresponden con las autorizadas dentro de la red VPN (debe ser configurada manualmente).
",1,,,
Initial Access,Hardware Additions,T1200,-,1,-,-,-,1,0,0,"Detección por anomalías que identifique desviaciones en el tráfico de red, tales como metadatos o protocolos de gestión (DHCP,...) fuera de los habituales",1,,,
Initial Access,Phishing,T1566,-,1,Spearphishing Attachment,T1566.001,-,1,0,0,Detección por listas negras/anomalías que permitan detectar tráfico de red correspondiente a correos electrónicos con archivos adjuntos maliciosos,1,,,
Initial Access,Phishing,T1566,-,1,Spearphishing Link,T1566.002,-,1,0,"NO, salvo circunstancias concretas",Detección por listas negras/anomalías que permitan detectar tráfico de red correspondiente a correos electrónicos con enlaces maliciosos que contengan contenido malware,1,,,
Initial Access,Phishing,T1566,-,1,Spearphishing via Service,T1566.003,-,1,0,0,-,0,,,
Initial Access,Phishing,T1566,-,1,Spearphishing Voice,T1566.004,-,1,0,0,-,0,,,
Initial Access,Replication Through Removable Media,T1091,Initial Access,0,-,-,-,0,0,-,-,0,,,
Initial Access,Supply Chain Compromise,T1195,-,0,Compromise Software Dependencies and Development Tools,T1195.001,-,0,0,-,-,0,,,
Initial Access,Supply Chain Compromise,T1195,-,0,Compromise Software Supply Chain,T1195.002,-,0,0,-,-,0,,,
Initial Access,Supply Chain Compromise,T1195,-,0,Compromise Hardware Supply Chain,T1195.003,-,0,0,-,-,0,,,
Initial Access,Trusted Relationship,T1199,-,1,-,-,-,1,0,SI*,"El ataque tiene un matiz clave. Si bien el ataque puede ser detectado por Snort (existen muchas variantes, aunque para esta instancia concreta, por ejemplo, sí que existe mecanismo de detección), el hecho de que se trate de un ataque procedente de un dominio de confianza infectado, dificulta su detección, pues bloquear estos paquetes podría imposibilitar comunicación con el dominio de confianza si no existiera amenaza",1,,,
Initial Access,Valid Accounts,T1078,"Defense Evasion,Persistence,Privilege Escalation",0,Default Accounts,T1078.001,-,0,0,-,-,0,,,
Initial Access,Valid Accounts,T1078,"Defense Evasion,Persistence,Privilege Escalation",0,Domain Accounts,T1078.002,-,0,0,-,-,0,,,
Initial Access,Valid Accounts,T1078,"Defense Evasion,Persistence,Privilege Escalation",0,Local Accounts,T1078.003,-,0,0,-,-,0,,,
Initial Access,Valid Accounts,T1078,"Defense Evasion,Persistence,Privilege Escalation",0,Cloud Accounts,T1078.004,-,0,0,-,-,0,,,
Execution,Cloud Administration Command,T1651,-,0,-,-,-,0,0,-,-,0,,,
Execution,Command and Scripting Interpreter,T1059,-,0,Powershell,T1059.001,-,0,0,-,-,0,,,
Execution,Command and Scripting Interpreter,T1059,-,0,AppleScript,T1059.002,-,0,0,-,-,0,,,
Execution,Command and Scripting Interpreter,T1059,-,0,Windows Command Shell,T1059.003,-,0,0,-,-,0,,,
Execution,Command and Scripting Interpreter,T1059,-,0,Unix Shell,T1059.004,-,0,0,-,-,0,,,
Execution,Command and Scripting Interpreter,T1059,-,0,Visual Basic,T1059.005,-,0,0,-,-,0,,,
Execution,Command and Scripting Interpreter,T1059,-,0,Python,T1059.006,-,0,0,-,-,0,,,
Execution,Command and Scripting Interpreter,T1059,-,0,Javascript,T1059.007,-,0,0,-,-,0,,,
Execution,Command and Scripting Interpreter,T1059,-,0,Network Device CLI,T1059.008,-,0,0,-,-,0,,,
Execution,Command and Scripting Interpreter,T1059,-,0,Cloud API,T1059.009,-,0,0,-,-,0,,,
Execution,Command and Scripting Interpreter,T1059,-,0,AutoHotKey & AutoIT,T1059.010,-,0,0,-,-,0,,,
Execution,Container Administration Command,T169,-,0,-,-,-,0,0,-,-,0,,,
Execution,Deploy Container,T1610,Defense Evasion,0,-,-,-,0,0,-,-,0,,,
Execution,Exploitation for Client Execution,T1203,-,1,-,-,-,0,0,0,-,1,,,
Execution,Inter-Process Communication,T1559,-,0,Component Object Model,T1559.001,-,0,0,-,-,0,,,
Execution,Inter-Process Communication,T1559,-,0,Dynamic Data Exchange,T1559.002,-,0,0,-,-,0,,,
Execution,Inter-Process Communication,T1559,-,0,XPC Services,T1559.003,-,0,0,-,-,0,,,
Execution,Native API,T1106,-,0,-,-,-,0,0,-,-,0,,,
Execution,Scheduled Task/Job,T1053,"Persistence, Privilege Escalation",0,At,T1053.002,-,1,0,-,-,0,,,
Execution,Scheduled Task/Job,T1053,"Persistence, Privilege Escalation",0,Cron,T1053.003,-,0,0,-,-,0,,,
Execution,Scheduled Task/Job,T1053,"Persistence, Privilege Escalation",0,Scheduled Task,T1053.005,-,1,0,-,-,0,,,
Execution,Scheduled Task/Job,T1053,"Persistence, Privilege Escalation",0,Systemd Timers,T1053.006,-,0,0,-,-,0,,,
Execution,Scheduled Task/Job,T1053,"Persistence, Privilege Escalation",0,Container Orchestration Job,T1053.007,-,0,0,-,-,0,,,
Execution,Serverless Execution,T1649,-,0,-,-,-,0,0,-,-,0,,,
Execution,Shared Modules,T1129,-,0,-,-,-,0,0,-,-,0,,,
Execution,Software Development Tools,T1072,Lateral Movement,0,-,-,-,0,0,-,-,0,,,
Execution,System Services,T1569,-,1,Launchctl,T1569.001,-,0,0,-,-,0,,,
Execution,System Services,T1569,-,1,Service Execution,T1569.002,-,1,0,1,"Múltiples reglas de detección. Por ejemplo,
 Regla que detecte la cadena “PSEXESVC” en el contenido de mensajes SMBv2
 Regla que detecte archivos ejecutables en mensajes SMB
",1,,,
Execution,User Execution,T1204,-,1,Malicious Link,T1204.001,-,1,0,0,Deteccion por listas negras/anomalías,1,,,
Execution,User Execution,T1204,-,1,Malicous File,T1204.002,-,0,0,-,-,0,,,
Execution,User Execution,T1204,-,1,Malicious Image,T1204.003,-,0,0,-,-,0,,,
Execution,Windows Management Instrumentation,T1047,-,1,-,-,-,1,0,1,Regla genérica que detecte intento de ejecucion de código shell en un equipo,1,,,
Persistence,Account Manipulation,T1098,Privilege Escalation,0,Additional Cloud Credentials,T1098.001,,0,0,-,-,0,,,
Persistence,Account Manipulation,T1098,Privilege Escalation,0,Additional Email Delegate Permissions,T1098.002,,0,0,-,-,0,,,
Persistence,Account Manipulation,T1098,Privilege Escalation,0,Additional Cloud Roles,T1098.003,,0,0,-,-,0,,,
Persistence,Account Manipulation,T1098,Privilege Escalation,0,SSH Authorized Keys,T1098.004,,0,0,-,-,0,,,
Persistence,Account Manipulation,T1098,Privilege Escalation,0,Device Registration,T1098.005,,0,0,-,-,0,,,
Persistence,Account Manipulation,T1098,Privilege Escalation,0,Additional Container Cluster Roles,T1098.006,,0,0,-,-,0,,,
Persistence,BITS Jobs,T1197,Defense Evasion,1,-,-,-,1,0,1,Regla genérica que detecte mensajes del protocolo BITS,1,,,
Persistence,Boot or Logon Autostart Execution,T1547,Privilege Escalation,0,Registry Run Keys / Startup Folder,T1547.001,-,0,0,-,-,0,,,
Persistence,Boot or Logon Autostart Execution,T1547,Privilege Escalation,0,Authentication Package,T1547.002,-,0,0,-,-,0,,,
Persistence,Boot or Logon Autostart Execution,T1547,Privilege Escalation,0,Time Providers,T1547.003,-,0,0,-,-,0,,,
Persistence,Boot or Logon Autostart Execution,T1547,Privilege Escalation,0,Winlogon Helper DLL,T1547.004,-,0,0,-,-,0,,,
Persistence,Boot or Logon Autostart Execution,T1547,Privilege Escalation,0,Security Support Provider,T1547.005,-,0,0,-,-,0,,,
Persistence,Boot or Logon Autostart Execution,T1547,Privilege Escalation,0,Kernel Modules and Extensions,T1547.006,-,0,0,-,-,0,,,
Persistence,Boot or Logon Autostart Execution,T1547,Privilege Escalation,0,Re-opened Applications,T1547.007,-,0,0,-,-,0,,,
Persistence,Boot or Logon Autostart Execution,T1547,Privilege Escalation,0,LSASS Driver,T1547.008,-,0,0,-,-,0,,,
Persistence,Boot or Logon Autostart Execution,T1547,Privilege Escalation,0,Shortcut Modification,T1547.009,-,0,0,-,-,0,,,
Persistence,Boot or Logon Autostart Execution,T1547,Privilege Escalation,0,Port Monitors,T1547.010,-,0,0,-,-,0,,,
Persistence,Boot or Logon Autostart Execution,T1547,Privilege Escalation,0,Print Processors,T1547.012,-,0,0,-,-,0,,,
Persistence,Boot or Logon Autostart Execution,T1547,Privilege Escalation,0,XDG Autostart Entries,T1547.013,-,0,0,-,-,0,,,
Persistence,Boot or Logon Autostart Execution,T1547,Privilege Escalation,0,Active Setup,T1547.014,-,0,0,-,-,0,,,
Persistence,Boot or Logon Autostart Execution,T1547,Privilege Escalation,0,Login Items,T1547.015,-,0,0,-,-,0,,,
Persistence,Boot or Logon Initialization Scripts,T1037,Privilege Escalation,0,Logon Script (Windows),T1037.001,-,0,0,-,-,0,,,
Persistence,Boot or Logon Initialization Scripts,T1037,Privilege Escalation,0,Login Hook,T1037.002,-,0,0,-,-,0,,,
Persistence,Boot or Logon Initialization Scripts,T1037,Privilege Escalation,0,Network Logon Script,T1037.003,-,0,0,-,-,0,,,
Persistence,Boot or Logon Initialization Scripts,T1037,Privilege Escalation,0,RC Scripts,T1037.004,-,0,0,-,-,0,,,
Persistence,Boot or Logon Initialization Scripts,T1037,Privilege Escalation,0,Startup Items,T1037.005,-,0,0,-,-,0,,,
Persistence,Browser Extensions,T1176,-,1,-,-,-,1,0,0,"Detección por anomalías basada en flujos de datos hacia direcciones no relacionadas con las búsquedas, normalmente en formato de objetos JavaScript",1,,,
Persistence,Compromise Host Software Binary,T1554,-,0,-,-,-,0,0,-,-,0,,,
Persistence,Create Account,T1136,-,0,Local Account,T1136.001,-,0,0,-,-,0,,,
Persistence,Create Account,T1136,-,0,Domain Account,T1136.002,-,0,0,-,-,0,,,
Persistence,Create Account,T1136,-,0,Cloud Account,T1136.003,-,0,0,-,-,0,,,
Persistence,Create or Modify System Process,T1543,Privilege Escalation,0,Launch Agent,T1543.001,-,0,0,-,-,0,,,
Persistence,Create or Modify System Process,T1543,Privilege Escalation,0,Systemd Service,T1543.002,-,0,0,-,-,0,,,
Persistence,Create or Modify System Process,T1543,Privilege Escalation,0,Windows Service,T1543.003,-,1,0,-,-,0,,,
Persistence,Create or Modify System Process,T1543,Privilege Escalation,0,Launch Daemon,T1543.004,-,0,0,-,-,0,,,
Persistence,Create or Modify System Process,T1543,Privilege Escalation,0,Container Service,T1543.005,-,0,0,-,-,0,,,
Persistence,Event Triggered Execution,T1546,Privilege Escalation,0,Change Default File Association,T1546.001,-,0,0,-,-,0,,,
Persistence,Event Triggered Execution,T1546,Privilege Escalation,0,Screensaver,T1546.002,-,0,0,-,-,0,,,
Persistence,Event Triggered Execution,T1546,Privilege Escalation,0,Windows Management Instrumentation Event Subscription,T1546.003,-,0,0,-,-,0,,,
Persistence,Event Triggered Execution,T1546,Privilege Escalation,0,Unix Shell Configuration Modification,T1546.004,-,0,0,-,-,0,,,
Persistence,Event Triggered Execution,T1546,Privilege Escalation,0,Trap,T1546.005,-,0,0,-,-,0,,,
Persistence,Event Triggered Execution,T1546,Privilege Escalation,0,LC_LOAD_DYLIB Addition,T1546.006,-,0,0,-,-,0,,,
Persistence,Event Triggered Execution,T1546,Privilege Escalation,0,Netsh Helper DLL,T1546.007,-,0,0,-,-,0,,,
Persistence,Event Triggered Execution,T1546,Privilege Escalation,0,Accessibilty features,T1546.008,-,0,0,-,-,0,,,
Persistence,Event Triggered Execution,T1546,Privilege Escalation,0,AppCert DLLs,T1546.009,-,0,0,-,-,0,,,
Persistence,Event Triggered Execution,T1546,Privilege Escalation,0,AppInit DLLs,T1546.010,-,0,0,-,-,0,,,
Persistence,Event Triggered Execution,T1546,Privilege Escalation,0,Application Shimming,T1546.011,-,0,0,-,-,0,,,
Persistence,Event Triggered Execution,T1546,Privilege Escalation,0,Image File Execution Options Injection,T1546.012,-,0,0,-,-,0,,,
Persistence,Event Triggered Execution,T1546,Privilege Escalation,0,Powershell Profile,T1546.013,-,0,0,-,-,0,,,
Persistence,Event Triggered Execution,T1546,Privilege Escalation,0,Emond,T1546.014,-,0,0,-,-,0,,,
Persistence,Event Triggered Execution,T1546,Privilege Escalation,0,Component Object Model Hijacking,T1546.015,-,0,0,-,-,0,,,
Persistence,Event Triggered Execution,T1546,Privilege Escalation,0,Installer Packages,T1546.016,-,0,0,-,-,0,,,
Persistence,External Remote Services,T1133,Initial Access,1,-,-,-,1,0,-,-,1,,,
Persistence,Hijack Execution Flow,T1574,"Defense Evasion, Privilege Escalation",0,DLL Search Order Hijacking,T1574.001,-,0,0,-,-,0,,,
Persistence,Hijack Execution Flow,T1574,"Defense Evasion, Privilege Escalation",0,DLL Side-Loading,T1574.002,-,0,0,-,-,0,,,
Persistence,Hijack Execution Flow,T1574,"Defense Evasion, Privilege Escalation",0,Dyñib Hijacking,T1574.003,-,0,0,-,-,0,,,
Persistence,Hijack Execution Flow,T1574,"Defense Evasion, Privilege Escalation",0,Executable Installer File Permissions Weakness,T1574.004,-,0,0,-,-,0,,,
Persistence,Hijack Execution Flow,T1574,"Defense Evasion, Privilege Escalation",0,Dynamic Linker Hijacking,T1574.005,-,0,0,-,-,0,,,
Persistence,Hijack Execution Flow,T1574,"Defense Evasion, Privilege Escalation",0,Path Interception by PATH Environment Variable,T1574.006,-,0,0,-,-,0,,,
Persistence,Hijack Execution Flow,T1574,"Defense Evasion, Privilege Escalation",0,Path Interception by Search Order Hijacking,T1574.007,-,0,0,-,-,0,,,
Persistence,Hijack Execution Flow,T1574,"Defense Evasion, Privilege Escalation",0,Path Interception by Unquoted Path,T1574.008,-,0,0,-,-,0,,,
Persistence,Hijack Execution Flow,T1574,"Defense Evasion, Privilege Escalation",0,Services File Permissions Weakness,T1574.009,-,0,0,-,-,0,,,
Persistence,Hijack Execution Flow,T1574,"Defense Evasion, Privilege Escalation",0,Services Registry Permissions Weakness,T1574.010,-,0,0,-,-,0,,,
Persistence,Hijack Execution Flow,T1574,"Defense Evasion, Privilege Escalation",0,COR_PROFILER,T1574.011,-,0,0,-,-,0,,,
Persistence,Hijack Execution Flow,T1574,"Defense Evasion, Privilege Escalation",0,KernelCallbackTable,T1574.012,-,0,0,-,-,0,,,
Persistence,Hijack Execution Flow,T1574,"Defense Evasion, Privilege Escalation",0,AppDomainManager,T1574.013,-,0,0,-,-,0,,,
Persistence,Implant Internal Image,T1525,-,0,-,-,-,0,0,-,-,0,,,
Persistence,Modify Authentication Process,T1556,"Credential Access, Defense Evasion",0,Domain Controller Authentication,T1556.001,-,0,0,-,-,0,,,
Persistence,Modify Authentication Process,T1556,"Credential Access, Defense Evasion",0,Password Filter DLL,T1556.002,-,0,0,-,-,0,,,
Persistence,Modify Authentication Process,T1556,"Credential Access, Defense Evasion",0,Pluggable Authentication Modules,T1556.003,-,0,0,-,-,0,,,
Persistence,Modify Authentication Process,T1556,"Credential Access, Defense Evasion",0,Network Device Authentication,T1556.004,-,0,0,-,-,0,,,
Persistence,Modify Authentication Process,T1556,"Credential Access, Defense Evasion",0,Reversible Encryption,T1556.005,-,0,0,-,-,0,,,
Persistence,Modify Authentication Process,T1556,"Credential Access, Defense Evasion",0,Multi-Factor Authentication,T1556.006,-,0,0,-,-,0,,,
Persistence,Modify Authentication Process,T1556,"Credential Access, Defense Evasion",0,Hybrid Identity,T1556.007,-,0,0,-,-,0,,,
Persistence,Modify Authentication Process,T1556,"Credential Access, Defense Evasion",0,Network Provider DLL,T1556.008,-,0,0,-,-,0,,,
Persistence,Modify Authentication Process,T1556,"Credential Access, Defense Evasion",0,Conditional Access Policies,T1556.009,-,0,0,-,-,0,,,
Persistence,Office Application Startup,T1137,-,0,Office Template Macros,T1137.001,-,0,0,-,-,0,,,
Persistence,Office Application Startup,T1137,-,0,Office Test,T1137.002,-,0,0,-,-,0,,,
Persistence,Office Application Startup,T1137,-,0,Outlook Forms,T1137.003,-,0,0,-,-,0,,,
Persistence,Office Application Startup,T1137,-,0,Outlook Home Page,T1137.004,-,0,0,-,-,0,,,
Persistence,Office Application Startup,T1137,-,0,Outlook Rules,T1137.005,-,0,0,-,-,0,,,
Persistence,Office Application Startup,T1137,-,0,Add-ins,T1137.006,-,0,0,-,-,0,,,
Persistence,Power Settings,T1653,-,0,-,-,-,0,0,-,-,0,,,
Persistence,Pre-OS Boot,T1542,Defense Evasion,1,System Firmware,T1542.001,-,0,0,-,-,0,,,
Persistence,Pre-OS Boot,T1542,Defense Evasion,1,Component Firmware,T1542.002,-,0,0,-,-,0,,,
Persistence,Pre-OS Boot,T1542,Defense Evasion,1,Bootkit,T1542.003,-,0,0,-,-,0,,,
Persistence,Pre-OS Boot,T1542,Defense Evasion,1,ROMMONkit,T1542.004,-,0,0,-,-,0,,,
Persistence,Pre-OS Boot,T1542,Defense Evasion,1,TFTP Boot,T1542.005,-,1,0,"NO, salvo uso de reglas personalizadas o circunstancias concretas del ataque",**Regla personalizada que comprueba si la IP del servidor TFTP es la del servidor legítimo ** Que el SO enviado por el atacante contenga algun tipo de malware detectable por un IDS,1,,,
Persistence,Scheduled Task/Job,T1053,"Privilege Escalation, Execution",0,At,T1053.002,-,1,0,-,-,0,,,
Persistence,Scheduled Task/Job,T1053,"Privilege Escalation, Execution",0,Cron,T1053.003,-,0,0,-,-,0,,,
Persistence,Scheduled Task/Job,T1053,"Privilege Escalation, Execution",0,Scheduled Task,T1053.005,-,1,0,-,-,0,,,
Persistence,Scheduled Task/Job,T1053,"Privilege Escalation, Execution",0,Systemd Timers,T1053.006,-,0,0,-,-,0,,,
Persistence,Scheduled Task/Job,T1053,"Privilege Escalation, Execution",0,Container Orchestration Job,T1053.007,-,0,0,-,-,0,,,
Persistence,Server Software Component,T1505,-,1,SQL Stored Procedures,T1505.001,-,0,0,"NO, salvo uso de reglas personalizadas o circunstancias concretas del ataque","Regla genérica que detecte en la petición ""%27"" que indica la representacion de comillas simples",1,,,
Persistence,Server Software Component,T1505,-,1,Transport Agent,T1505.002,-,0,0,-,-,0,,,
Persistence,Server Software Component,T1505,-,1,Web Shell,T1505.003,-,1,0,1,Regla genérica que detecta el intento de escaneo para comprobar la existencia de backdoor.,1,,,
Persistence,Server Software Component,T1505,-,1,IIS Components,T1505.004,-,0,0,-,-,0,,,
Persistence,Server Software Component,T1505,-,1,Terminal Service DLL,T1505.005,-,0,0,-,-,0,,,
Persistence,Traffic Signaling,T1205,"Defense Evasion, Command and Control",1,Port Knocking,T1205.001,-,1,0,0,Deteccion por anomalias,1,,,
Persistence,Traffic Signaling,T1205,"Defense Evasion, Command and Control",1,Socket Filters,T1205.002,-,1,0,-,-,0,,,
Persistence,Valid Accounts,T1078,"Defense Evasion,Initial Access,Privilege Escalation",0,Default Accounts,T1078.001,-,0,0,-,-,0,,,
Persistence,Valid Accounts,T1078,"Defense Evasion,Initial Access,Privilege Escalation",0,Domain Accounts,T1078.002,-,0,0,-,-,0,,,
Persistence,Valid Accounts,T1078,"Defense Evasion,Initial Access,Privilege Escalation",0,Local Accounts,T1078.003,-,0,0,-,-,0,,,
Persistence,Valid Accounts,T1078,"Defense Evasion,Initial Access,Privilege Escalation",0,Cloud Accounts,T1078.004,-,0,0,-,-,0,,,
Privilege Escalation,Abuse Elevation Control Mechanism,T1548,Defense Evasion,0,Setuid and Setgid,T1548.001,-,0,0,-,-,0,,,
Privilege Escalation,Abuse Elevation Control Mechanism,T1548,Defense Evasion,0,Bypass User Account Control,T1548.002,-,0,0,-,-,0,,,
Privilege Escalation,Abuse Elevation Control Mechanism,T1548,Defense Evasion,0,Sudo and Sudo Caching,T1548.003,-,0,0,-,-,0,,,
Privilege Escalation,Abuse Elevation Control Mechanism,T1548,Defense Evasion,0,Elevated Execution with Prompt,T1548.004,-,0,0,-,-,0,,,
Privilege Escalation,Abuse Elevation Control Mechanism,T1548,Defense Evasion,0,Temporary Elevated Cloud Access,T1548.005,-,0,0,-,-,0,,,
Privilege Escalation,Abuse Elevation Control Mechanism,T1548,Defense Evasion,0,TCC Manipulation,T1548.006,-,0,0,-,-,0,,,
Privilege Escalation,Access Token Manipulation,T1134,Defense Evasion,0,Token Impersonation / Theft,T1134.001,-,0,0,-,-,0,,,
Privilege Escalation,Access Token Manipulation,T1134,Defense Evasion,0,Create Process with Token,T1134.002,-,0,0,-,-,0,,,
Privilege Escalation,Access Token Manipulation,T1134,Defense Evasion,0,Make and Impersonate Token,T1134.003,-,0,0,-,-,0,,,
Privilege Escalation,Access Token Manipulation,T1134,Defense Evasion,0,Parent PID Spoofing,T1134.004,-,0,0,-,-,0,,,
Privilege Escalation,Access Token Manipulation,T1134,Defense Evasion,0,SID-History Injection,T1134.005,-,0,0,-,-,0,,,
Privilege Escalation,Account Manipulation,T1098,Persistence,0,Additional Cloud Credentials,T1098.001,-,0,0,-,-,0,,,
Privilege Escalation,Account Manipulation,T1098,Persistence,0,Additional Email Delegate Permissions,T1098.002,-,0,0,-,-,0,,,
Privilege Escalation,Account Manipulation,T1098,Persistence,0,Additional Cloud Roles,T1098.003,-,0,0,-,-,0,,,
Privilege Escalation,Account Manipulation,T1098,Persistence,0,SSH Authorized Keys,T1098.004,-,0,0,-,-,0,,,
Privilege Escalation,Account Manipulation,T1098,Persistence,0,Device Registration,T1098.005,-,0,0,-,-,0,,,
Privilege Escalation,Account Manipulation,T1098,Persistence,0,Additional Container Cluster Roles,T1098.006,-,0,0,-,-,0,,,
Privilege Escalation,Boot or Logon Autostart Execution,T1547,Persistence,0,Registry Run Keys / Startup Folder,T1547.001,-,0,0,-,-,0,,,
Privilege Escalation,Boot or Logon Autostart Execution,T1547,Persistence,0,Authentication Package,T1547.002,-,0,0,-,-,0,,,
Privilege Escalation,Boot or Logon Autostart Execution,T1547,Persistence,0,Time Providers,T1547.003,-,0,0,-,-,0,,,
Privilege Escalation,Boot or Logon Autostart Execution,T1547,Persistence,0,Winlogon Helper DLL,T1547.004,-,0,0,-,-,0,,,
Privilege Escalation,Boot or Logon Autostart Execution,T1547,Persistence,0,Security Support Provider,T1547.005,-,0,0,-,-,0,,,
Privilege Escalation,Boot or Logon Autostart Execution,T1547,Persistence,0,Kernel Modules and Extensions,T1547.006,-,0,0,-,-,0,,,
Privilege Escalation,Boot or Logon Autostart Execution,T1547,Persistence,0,Re-opened Applications,T1547.007,-,0,0,-,-,0,,,
Privilege Escalation,Boot or Logon Autostart Execution,T1547,Persistence,0,LSASS Driver,T1547.008,-,0,0,-,-,0,,,
Privilege Escalation,Boot or Logon Autostart Execution,T1547,Persistence,0,Shortcut Modification,T1547.009,-,0,0,-,-,0,,,
Privilege Escalation,Boot or Logon Autostart Execution,T1547,Persistence,0,Port Monitors,T1547.010,-,0,0,-,-,0,,,
Privilege Escalation,Boot or Logon Autostart Execution,T1547,Persistence,0,Print Processors,T1547.012,-,0,0,-,-,0,,,
Privilege Escalation,Boot or Logon Autostart Execution,T1547,Persistence,0,XDG Autostart Entries,T1547.013,-,0,0,-,-,0,,,
Privilege Escalation,Boot or Logon Autostart Execution,T1547,Persistence,0,Active Setup,T1547.014,-,0,0,-,-,0,,,
Privilege Escalation,Boot or Logon Autostart Execution,T1547,Persistence,0,Login Items,T1547.015,-,0,0,-,-,0,,,
Privilege Escalation,Boot or Logon Initialization Scripts,T1037,Persistence,0,Logon Script (Windows),T1037.001,-,0,0,-,-,0,,,
Privilege Escalation,Boot or Logon Initialization Scripts,T1037,Persistence,0,Login Hook,T1037.002,-,0,0,-,-,0,,,
Privilege Escalation,Boot or Logon Initialization Scripts,T1037,Persistence,0,Network Logon Script,T1037.003,-,0,0,-,-,0,,,
Privilege Escalation,Boot or Logon Initialization Scripts,T1037,Persistence,0,RC Scripts,T1037.004,-,0,0,-,-,0,,,
Privilege Escalation,Boot or Logon Initialization Scripts,T1037,Persistence,0,Startup Items,T1037.005,-,0,0,-,-,0,,,
Privilege Escalation,Escape to Host,T1611,-,0,-,-,-,0,0,-,-,0,,,
Privilege Escalation,Event Triggered Execution,T1546,Persistence,0,Change Default File Association,T1546.001,-,0,0,-,-,0,,,
Privilege Escalation,Event Triggered Execution,T1546,Persistence,0,Screensaver,T1546.002,-,0,0,-,-,0,,,
Privilege Escalation,Event Triggered Execution,T1546,Persistence,0,Windows Management Instrumentation Event Subscription,T1546.003,-,0,0,-,-,0,,,
Privilege Escalation,Event Triggered Execution,T1546,Persistence,0,Unix Shell Configuration Modification,T1546.004,-,0,0,-,-,0,,,
Privilege Escalation,Event Triggered Execution,T1546,Persistence,0,Trap,T1546.005,-,0,0,-,-,0,,,
Privilege Escalation,Event Triggered Execution,T1546,Persistence,0,LC_LOAD_DYLIB Addition,T1546.006,-,0,0,-,-,0,,,
Privilege Escalation,Event Triggered Execution,T1546,Persistence,0,Netsh Helper DLL,T1546.007,-,0,0,-,-,0,,,
Privilege Escalation,Event Triggered Execution,T1546,Persistence,0,Accessibilty features,T1546.008,-,0,0,-,-,0,,,
Privilege Escalation,Event Triggered Execution,T1546,Persistence,0,AppCert DLLs,T1546.009,-,0,0,-,-,0,,,
Privilege Escalation,Event Triggered Execution,T1546,Persistence,0,AppInit DLLs,T1546.010,-,0,0,-,-,0,,,
Privilege Escalation,Event Triggered Execution,T1546,Persistence,0,Application Shimming,T1546.011,-,0,0,-,-,0,,,
Privilege Escalation,Event Triggered Execution,T1546,Persistence,0,Image File Execution Options Injection,T1546.012,-,0,0,-,-,0,,,
Privilege Escalation,Event Triggered Execution,T1546,Persistence,0,Powershell Profile,T1546.013,-,0,0,-,-,0,,,
Privilege Escalation,Event Triggered Execution,T1546,Persistence,0,Emond,T1546.014,-,0,0,-,-,0,,,
Privilege Escalation,Event Triggered Execution,T1546,Persistence,0,Component Object Model Hijacking,T1546.015,-,0,0,-,-,0,,,
Privilege Escalation,Event Triggered Execution,T1546,Persistence,0,Installer Packages,T1546.016,-,0,0,-,-,0,,,
Privilege Escalation,Exploitation for Privilege Escalation,T1068,-,0,-,-,-,0,0,-,-,0,,,
Privilege Escalation,Hijack Execution Flow,T1574,"Persistence, Defense Evasion",0,DLL Search Order Hijacking,T1574.001,-,0,0,-,-,0,,,
Privilege Escalation,Hijack Execution Flow,T1574,"Persistence, Defense Evasion",0,DLL Side-Loading,T1574.002,-,0,0,-,-,0,,,
Privilege Escalation,Hijack Execution Flow,T1574,"Persistence, Defense Evasion",0,Dyñib Hijacking,T1574.003,-,0,0,-,-,0,,,
Privilege Escalation,Hijack Execution Flow,T1574,"Persistence, Defense Evasion",0,Executable Installer File Permissions Weakness,T1574.004,-,0,0,-,-,0,,,
Privilege Escalation,Hijack Execution Flow,T1574,"Persistence, Defense Evasion",0,Dynamic Linker Hijacking,T1574.005,-,0,0,-,-,0,,,
Privilege Escalation,Hijack Execution Flow,T1574,"Persistence, Defense Evasion",0,Path Interception by PATH Environment Variable,T1574.006,-,0,0,-,-,0,,,
Privilege Escalation,Hijack Execution Flow,T1574,"Persistence, Defense Evasion",0,Path Interception by Search Order Hijacking,T1574.007,-,0,0,-,-,0,,,
Privilege Escalation,Hijack Execution Flow,T1574,"Persistence, Defense Evasion",0,Path Interception by Unquoted Path,T1574.008,-,0,0,-,-,0,,,
Privilege Escalation,Hijack Execution Flow,T1574,"Persistence, Defense Evasion",0,Services File Permissions Weakness,T1574.009,-,0,0,-,-,0,,,
Privilege Escalation,Hijack Execution Flow,T1574,"Persistence, Defense Evasion",0,Services Registry Permissions Weakness,T1574.010,-,0,0,-,-,0,,,
Privilege Escalation,Hijack Execution Flow,T1574,"Persistence, Defense Evasion",0,COR_PROFILER,T1574.011,-,0,0,-,-,0,,,
Privilege Escalation,Hijack Execution Flow,T1574,"Persistence, Defense Evasion",0,KernelCallbackTable,T1574.012,-,0,0,-,-,0,,,
Privilege Escalation,Hijack Execution Flow,T1574,"Persistence, Defense Evasion",0,AppDomainManager,T1574.013,-,0,0,-,-,0,,,
Privilege Escalation,Process Injection,T1055,Defense Evasion,0,Dynamic-link Library Injection,T1055.001,-,0,0,-,-,0,,,
Privilege Escalation,Process Injection,T1055,Defense Evasion,0,Portable Executable Injection,T1055.002,-,0,0,-,-,0,,,
Privilege Escalation,Process Injection,T1055,Defense Evasion,0,Thread Execution Hijacking,T1055.003,-,0,0,-,-,0,,,
Privilege Escalation,Process Injection,T1055,Defense Evasion,0,Asynchronous Procedure Call,T1055.004,-,0,0,-,-,0,,,
Privilege Escalation,Process Injection,T1055,Defense Evasion,0,Thread Local Storage,T1055.005,--,0,0,-,-,0,,,
Privilege Escalation,Process Injection,T1055,Defense Evasion,0,Ptrace System Calls,T1055.008,-,0,0,-,-,0,,,
Privilege Escalation,Process Injection,T1055,Defense Evasion,0,Proc Memory,T1055.009,-,0,0,-,-,0,,,
Privilege Escalation,Process Injection,T1055,Defense Evasion,0,Extra Window Memory Injection,T1055.011,-,0,0,-,-,0,,,
Privilege Escalation,Process Injection,T1055,Defense Evasion,0,Process Hollowing,T1055.012,-,0,0,-,-,0,,,
Privilege Escalation,Process Injection,T1055,Defense Evasion,0,Process Doppelgänging,T1055.013,-,0,0,-,-,0,,,
Privilege Escalation,Process Injection,T1055,Defense Evasion,0,VDSO Hijacking,T1055.014,-,0,0,-,-,0,,,
Privilege Escalation,Process Injection,T1055,Defense Evasion,0,ListPlanting,T1055.015,-,0,0,-,-,0,,,
Privilege Escalation,Scheduled Task/Job,T1053,"Persistence, Execution",0,At,T1053.002,-,0,0,-,-,0,,,
Privilege Escalation,Scheduled Task/Job,T1053,"Persistence, Execution",0,Cron,T1053.003,-,0,0,-,-,0,,,
Privilege Escalation,Scheduled Task/Job,T1053,"Persistence, Execution",0,Scheduled Task,T1053.005,-,0,0,-,-,0,,,
Privilege Escalation,Scheduled Task/Job,T1053,"Persistence, Execution",0,Systemd Timers,T1053.006,-,0,0,-,-,0,,,
Privilege Escalation,Scheduled Task/Job,T1053,"Persistence, Execution",0,Container Orchestration Job,T1053.007,-,0,0,-,-,0,,,
Privilege Escalation,Valid Accounts,T1078,"Defense Evasion,Persistence, Initial Access",0,Default Accounts,T1078.001,-,0,0,-,-,0,,,
Privilege Escalation,Valid Accounts,T1078,"Defense Evasion,Persistence, Initial Access",0,Domain Accounts,T1078.002,-,0,0,-,-,0,,,
Privilege Escalation,Valid Accounts,T1078,"Defense Evasion,Persistence, Initial Access",0,Local Accounts,T1078.003,-,0,0,-,-,0,,,
Privilege Escalation,Valid Accounts,T1078,"Defense Evasion,Persistence, Initial Access",0,Cloud Accounts,T1078.004,-,0,0,-,-,0,,,
Defense Evasion,Abuse Elevation Control Mechanism,T1548,Privilege Escalation,0,Setuid and Setgid,T1548.001,,0,0,-,-,0,,,
Defense Evasion,Abuse Elevation Control Mechanism,T1548,Privilege Escalation,0,Bypass User Account Control,T1548.002,,0,0,-,-,0,,,
Defense Evasion,Abuse Elevation Control Mechanism,T1548,Privilege Escalation,0,Sudo and Sudo Caching,T1548.003,,0,0,-,-,0,,,
Defense Evasion,Abuse Elevation Control Mechanism,T1548,Privilege Escalation,0,Elevated Execution with Prompt,T1548.004,,0,0,-,-,0,,,
Defense Evasion,Abuse Elevation Control Mechanism,T1548,Privilege Escalation,0,Temporary Elevated Cloud Access,T1548.005,,0,0,-,-,0,,,
Defense Evasion,Abuse Elevation Control Mechanism,T1548,Privilege Escalation,0,TCC Manipulation,T1548.006,,0,0,-,-,0,,,
Defense Evasion,Access Token Manipulation,T1134,Privilege Escalation,0,Token Impersonation / Theft,T1134.001,,0,0,-,-,0,,,
Defense Evasion,Access Token Manipulation,T1134,Privilege Escalation,0,Create Process with Token,T1134.002,,0,0,-,-,0,,,
Defense Evasion,Access Token Manipulation,T1134,Privilege Escalation,0,Make and Impersonate Token,T1134.003,,0,0,-,-,0,,,
Defense Evasion,Access Token Manipulation,T1134,Privilege Escalation,0,Parent PID Spoofing,T1134.004,,0,0,-,-,0,,,
Defense Evasion,Access Token Manipulation,T1134,Privilege Escalation,0,SID-History Injection,T1134.005,,0,0,-,-,0,,,
Defense Evasion,BITS Jobs,T1197,Persistence,1,-,-,-,1,0,1,Regla genérica que detecte paquetes SMB desde un orígen a un destino/servidor,1,,,
Defense Evasion,Build Image on Host,T1612,-,1,-,-,-,1,0,1,Regla genérica que detecte descargas de contenedores mediante Docker API,1,,,
Defense Evasion,Debugger Evasion,T1622,Discovery,0,-,-,-,0,0,-,-,0,,,
Defense Evasion,Deobfuscate/Decode Files or Information,T1140,-,0,-,-,-,0,0,-,-,0,,,
Defense Evasion,Deploy Container,T1610,Execution,0,-,-,-,0,0,-,-,0,,,
Defense Evasion,Direct Volume Access,T1006,-,0,-,-,-,0,0,-,-,0,,,
Defense Evasion,Domain or Tenant Policy Modification,T1484,Privilege Escalation,0,Group Policy Modification,T1484.001,-,0,0,-,-,0,,,
Defense Evasion,Domain or Tenant Policy Modification,T1484,Privilege Escalation,0,Trust Modification,T1484.002,-,0,0,-,-,0,,,
Defense Evasion,Execution Guardrails,T1480,-,0,Environmental Keying,T1480,-,0,0,-,-,0,,,
Defense Evasion,Exploitation for Defense Evasion,T1211,-,0,-,-,-,0,0,-,-,0,,,
Defense Evasion,File and Directory Permissions Modification,T1222,-,0,Windows File and Directory Permissions Modification,T1222.001,-,0,0,-,-,0,,,
Defense Evasion,File and Directory Permissions Modification,T1222,-,0,Linux and Mac File and Directory Permissions Modification,T1222.002,-,0,0,-,-,0,,,
Defense Evasion,Hide Artifacts,T1564,-,0,Hidden Files and Directories,T1564.001,-,0,0,-,-,0,,,
Defense Evasion,Hide Artifacts,T1564,-,0,Hidden Users,T1564.002,-,0,0,-,-,0,,,
Defense Evasion,Hide Artifacts,T1564,-,0,Hidden Window,T1564.003,-,0,0,-,-,0,,,
Defense Evasion,Hide Artifacts,T1564,-,0,NTFS File Attributes,T1564.004,-,0,0,-,-,0,,,
Defense Evasion,Hide Artifacts,T1564,-,0,Hidden File System,T1564.005,-,0,0,-,-,0,,,
Defense Evasion,Hide Artifacts,T1564,-,0,Run Virtual Instance,T1564.006,-,0,0,-,-,0,,,
Defense Evasion,Hide Artifacts,T1564,-,0,VBA Stomping,T1564.007,-,0,0,-,-,0,,,
Defense Evasion,Hide Artifacts,T1564,-,0,Email Hiding Rules,T1564.008,-,0,0,-,-,0,,,
Defense Evasion,Hide Artifacts,T1564,-,0,Resource Forking,T1564.009,-,0,0,-,-,0,,,
Defense Evasion,Hide Artifacts,T1564,-,0,Process Argument Spoofing,T1564.010,-,0,0,-,-,0,,,
Defense Evasion,Hide Artifacts,T1564,-,0,Ignore Process Interrupts,T1564.011,-,0,0,-,-,0,,,
Defense Evasion,Hide Artifacts,T1564,-,0,File/Path Exclusions,T1564.012,-,0,0,-,-,0,,,
Defense Evasion,Hijack Execution Flow,T1574,"Persistence, Privilege Escalation",0,DLL Search Order Hijacking,T1574.001,-,0,0,-,-,0,,,
Defense Evasion,Hijack Execution Flow,T1574,"Persistence, Privilege Escalation",0,DLL Side-Loading,T1574.002,-,0,0,-,-,0,,,
Defense Evasion,Hijack Execution Flow,T1574,"Persistence, Privilege Escalation",0,Dyñib Hijacking,T1574.003,-,0,0,-,-,0,,,
Defense Evasion,Hijack Execution Flow,T1574,"Persistence, Privilege Escalation",0,Executable Installer File Permissions Weakness,T1574.004,-,0,0,-,-,0,,,
Defense Evasion,Hijack Execution Flow,T1574,"Persistence, Privilege Escalation",0,Dynamic Linker Hijacking,T1574.005,-,0,0,-,-,0,,,
Defense Evasion,Hijack Execution Flow,T1574,"Persistence, Privilege Escalation",0,Path Interception by PATH Environment Variable,T1574.006,-,0,0,-,-,0,,,
Defense Evasion,Hijack Execution Flow,T1574,"Persistence, Privilege Escalation",0,Path Interception by Search Order Hijacking,T1574.007,-,0,0,-,-,0,,,
Defense Evasion,Hijack Execution Flow,T1574,"Persistence, Privilege Escalation",0,Path Interception by Unquoted Path,T1574.008,-,0,0,-,-,0,,,
Defense Evasion,Hijack Execution Flow,T1574,"Persistence, Privilege Escalation",0,Services File Permissions Weakness,T1574.009,-,0,0,-,-,0,,,
Defense Evasion,Hijack Execution Flow,T1574,"Persistence, Privilege Escalation",0,Services Registry Permissions Weakness,T1574.010,-,0,0,-,-,0,,,
Defense Evasion,Hijack Execution Flow,T1574,"Persistence, Privilege Escalation",0,COR_PROFILER,T1574.011,-,0,0,-,-,0,,,
Defense Evasion,Hijack Execution Flow,T1574,"Persistence, Privilege Escalation",0,KernelCallbackTable,T1574.012,-,0,0,-,-,0,,,
Defense Evasion,Hijack Execution Flow,T1574,"Persistence, Privilege Escalation",0,AppDomainManager,T1574.013,-,0,0,-,-,0,,,
Defense Evasion,Impair Defenses,T1562,-,0,Disable or Modify Tools,T1562.001,-,0,0,-,-,0,,,
Defense Evasion,Impair Defenses,T1562,-,0,Disable Windows Event Logging,T1562.002,-,0,0,-,-,0,,,
Defense Evasion,Impair Defenses,T1562,-,0,Impair Command History Logging,T1562.003,-,0,0,-,-,0,,,
Defense Evasion,Impair Defenses,T1562,-,0,Disable or Modify System Firewall,T1562.004,-,0,0,-,-,0,,,
Defense Evasion,Impair Defenses,T1562,-,0,Indicator Blocking,T1562.006,-,0,0,-,-,0,,,
Defense Evasion,Impair Defenses,T1562,-,0,Disable or Modify Cloud Firewall,T1562.007,-,0,0,-,-,0,,,
Defense Evasion,Impair Defenses,T1562,-,0,Disable or Modify Cloud Logs,T1562.008,-,0,0,-,-,0,,,
Defense Evasion,Impair Defenses,T1562,-,0,Safe Mode Boot,T1562.009,-,0,0,-,-,0,,,
Defense Evasion,Impair Defenses,T1562,-,0,Downgrade Attack,T1562.010,-,0,0,-,-,0,,,
Defense Evasion,Impair Defenses,T1562,-,0,Spoof Security Alerting,T1562.011,-,0,0,-,-,0,,,
Defense Evasion,Impair Defenses,T1562,-,0,Disable or Modify Linux Audit System,T1562.012,-,0,0,-,-,0,,,
Defense Evasion,Indicator Removal,T1070,-,1,Clear Windows Event Logs,T1070.001,-,0,0,-,-,0,,,
Defense Evasion,Indicator Removal,T1070,-,1,Clear Linux or Mac System Logs,T1070.002,-,0,0,-,-,0,,,
Defense Evasion,Indicator Removal,T1070,-,1,Clear Command History,T1070.003,-,0,0,-,-,0,,,
Defense Evasion,Indicator Removal,T1070,-,1,File Deletion,T1070.004,-,0,0,-,-,0,,,
Defense Evasion,Indicator Removal,T1070,-,1,Network Share Connection Removal,T1070.005,-,1,0,0,"Detección por anomalías, desconexión repentina de una dirección de varios recursos compartidos",1,,,
Defense Evasion,Indicator Removal,T1070,-,1,Timestomp,T1070.006,-,0,0,-,-,0,,,
Defense Evasion,Indicator Removal,T1070,-,1,Clear Network Connection History and Configurations,T1070.007,-,0,0,-,-,0,,,
Defense Evasion,Indicator Removal,T1070,-,1,Clear Mailbox Data,T1070.008,-,0,0,-,-,0,,,
Defense Evasion,Indicator Removal,T1070,-,1,Clear Persistence,T1070.009,-,0,0,-,-,0,,,
Defense Evasion,Impersonation,T1656,-,0,-,-,-,0,0,-,-,0,,,
Defense Evasion,Indirect Command Execution,T1202,-,0,-,-,-,0,0,-,-,0,,,
Defense Evasion,Masquerading,T1036,-,0,Invalid Code Signature,T1036.001,,0,0,-,-,0,,,
Defense Evasion,Masquerading,T1036,-,0,Right-to-Left Override,T1036.002,-,0,0,-,-,0,,,
Defense Evasion,Masquerading,T1036,-,0,Rename System Utilities,T1036.003,-,0,0,-,-,0,,,
Defense Evasion,Masquerading,T1036,-,0,Masquerade Task or Service,T1036.004,-,0,0,-,-,0,,,
Defense Evasion,Masquerading,T1036,-,0,Match Legitimate Name or Location,T1036.005,-,0,0,-,-,0,,,
Defense Evasion,Masquerading,T1036,-,0,Space after Filename,T1036.006,-,0,0,-,-,0,,,
Defense Evasion,Masquerading,T1036,-,0,Double File Extension,T1036.007,-,0,0,-,-,0,,,
Defense Evasion,Masquerading,T1036,-,0,Masquerade File Type,T1036.008,-,0,0,-,-,0,,,
Defense Evasion,Masquerading,T1036,-,0,Break Process Trees,T1036.009,-,0,0,-,-,0,,,
Defense Evasion,Modify Authentication Process,T1556,"Credential Access, Persistence",0,Domain Controller Authentication,T1556.001,-,0,0,-,-,0,,,
Defense Evasion,Modify Authentication Process,T1556,"Credential Access, Persistence",0,Password Filter DLL,T1556.002,-,0,0,-,-,0,,,
Defense Evasion,Modify Authentication Process,T1556,"Credential Access, Persistence",0,Pluggable Authentication Modules,T1556.003,-,0,0,-,-,0,,,
Defense Evasion,Modify Authentication Process,T1556,"Credential Access, Persistence",0,Network Device Authentication,T1556.004,-,0,0,-,-,0,,,
Defense Evasion,Modify Authentication Process,T1556,"Credential Access, Persistence",0,Reversible Encryption,T1556.005,-,0,0,-,--,0,,,
Defense Evasion,Modify Authentication Process,T1556,"Credential Access, Persistence",0,Multi-Factor Authentication,T1556.006,-,0,0,-,-,0,,,
Defense Evasion,Modify Authentication Process,T1556,"Credential Access, Persistence",0,Hybrid Identity,T1556.007,-,0,0,-,-,0,,,
Defense Evasion,Modify Authentication Process,T1556,"Credential Access, Persistence",0,Network Provider DLL,T1556.008,-,0,0,-,-,0,,,
Defense Evasion,Modify Authentication Process,T1556,"Credential Access, Persistence",0,Conditional Access Policies,T1556.009,-,0,0,-,-,0,,,
Defense Evasion,Modify Cloud Compute Infrastructure,T1578,-,0,Create Snapshot,T1578.001,-,0,0,-,-,0,,,
Defense Evasion,Modify Cloud Compute Infrastructure,T1578,-,0,Create Cloud Instance,T1578.002,-,0,0,-,-,0,,,
Defense Evasion,Modify Cloud Compute Infrastructure,T1578,-,0,Delete Cloud Instance,T1578.003,-,0,0,-,-,0,,,
Defense Evasion,Modify Cloud Compute Infrastructure,T1578,-,0,Revert Cloud Instance,T1578.004,-,0,0,-,-,0,,,
Defense Evasion,Modify Cloud Compute Infrastructure,T1578,-,0,Modify Cloud Compute Configurations,T1578.005,-,0,0,-,-,0,,,
Defense Evasion,Modify Registry,T1112,-,1,-,-,-,1,0,1,Regla que detecte el envío de mensajes con protocolo WINREG o Remote Registry Service,1,,,
Defense Evasion,Modify System Image,T1601,-,0,Patch System Image,T1601.001,-,0,0,-,-,0,,,
Defense Evasion,Modify System Image,T1601,-,0,Downgrade System Image,T1601.002,-,0,0,-,-,0,,,
Defense Evasion,Network Boundary Bridging,T1599,-,1,Network Address Translation Transversal,T1599.001,-,1,1,0,Detección por anomalías,1,,,
Defense Evasion,Obfuscated Files or Information,T1027,-,0,Binary Padding,T1027.001,-,0,0,-,-,0,,,
Defense Evasion,Obfuscated Files or Information,T1027,-,0,Software Packing,T1027.002,-,0,0,-,-,0,,,
Defense Evasion,Obfuscated Files or Information,T1027,-,0,Steganography,T1027.003,-,0,0,-,-,0,,,
Defense Evasion,Obfuscated Files or Information,T1027,-,0,Compile After Delivery,T1027.004,-,0,0,-,-,0,,,
Defense Evasion,Obfuscated Files or Information,T1027,-,0,Indicator Removal From Tools,T1027.005,-,0,0,-,-,0,,,
Defense Evasion,Obfuscated Files or Information,T1027,-,0,HTML Smuggling,T1027.006,-,0,0,-,-,0,,,
Defense Evasion,Obfuscated Files or Information,T1027,-,0,Dynamic API Resolution,T1027.007,-,0,0,-,-,0,,,
Defense Evasion,Obfuscated Files or Information,T1027,-,0,Stripped Payloads,T1027.008,-,0,0,-,--,0,,,
Defense Evasion,Obfuscated Files or Information,T1027,-,0,Embedded Payloads,T1027.009,-,0,0,-,-,0,,,
Defense Evasion,Obfuscated Files or Information,T1027,-,0,Command Obfuscation,T1027.010,-,0,0,-,-,0,,,
Defense Evasion,Obfuscated Files or Information,T1027,-,0,Fileless Storage,T1027.011,-,0,0,-,-,0,,,
Defense Evasion,Obfuscated Files or Information,T1027,-,0,LNK Icon Smuggling,T1027.012,-,0,0,-,-,0,,,
Defense Evasion,Obfuscated Files or Information,T1027,-,0,Encrypted/Encoded File,T1027.013,-,0,0,-,-,0,,,
Defense Evasion,Plist File Modification,T1647,-,0,-,-,-,0,0,-,-,0,,,
Defense Evasion,Pre-OS Boot,T1542,Persistence,1,System Firmware,T1542.001,-,0,0,-,-,0,,,
Defense Evasion,Pre-OS Boot,T1542,Persistence,1,Component Firmware,T1542.002,-,0,0,-,-,0,,,
Defense Evasion,Pre-OS Boot,T1542,Persistence,1,Bootkit,T1542.003,-,0,0,-,-,0,,,
Defense Evasion,Pre-OS Boot,T1542,Persistence,1,ROMMONkit,T1542.004,-,0,0,-,-,0,,,
Defense Evasion,Pre-OS Boot,T1542,Persistence,1,TFTP Boot,T1542.005,-,1,0,0,-,1,,,
Defense Evasion,Process Injection,T1055,Privilege Escalation,0,Dynamic-link Library Injection,T1055.001,-,0,0,-,-,0,,,
Defense Evasion,Process Injection,T1055,Privilege Escalation,0,Portable Executable Injection,T1055.002,-,0,0,-,-,0,,,
Defense Evasion,Process Injection,T1055,Privilege Escalation,0,Thread Execution Hijacking,T1055.003,-,0,0,-,-,0,,,
Defense Evasion,Process Injection,T1055,Privilege Escalation,0,Asynchronous Procedure Call,T1055.004,-,0,0,-,-,0,,,
Defense Evasion,Process Injection,T1055,Privilege Escalation,0,Thread Local Storage,T1055.005,--,0,0,-,-,0,,,
Defense Evasion,Process Injection,T1055,Privilege Escalation,0,Ptrace System Calls,T1055.008,-,0,0,-,-,0,,,
Defense Evasion,Process Injection,T1055,Privilege Escalation,0,Proc Memory,T1055.009,-,0,0,-,-,0,,,
Defense Evasion,Process Injection,T1055,Privilege Escalation,0,Extra Window Memory Injection,T1055.011,-,0,0,-,-,0,,,
Defense Evasion,Process Injection,T1055,Privilege Escalation,0,Process Hollowing,T1055.012,-,0,0,-,-,0,,,
Defense Evasion,Process Injection,T1055,Privilege Escalation,0,Process Doppelgänging,T1055.013,-,0,0,-,-,0,,,
Defense Evasion,Process Injection,T1055,Privilege Escalation,0,VDSO Hijacking,T1055.014,-,0,0,-,-,0,,,
Defense Evasion,Process Injection,T1055,Privilege Escalation,0,ListPlanting,T1055.015,-,0,0,-,-,0,,,
Defense Evasion,Reflective Code Loading,T1620,-,0,-,-,-,0,0,-,-,0,,,
Defense Evasion,Rogue Domain Controller,T1207,-,1,-,-,-,1,0,SÍ,Regla que detecte una llamada a la función DRSUAPI_REPLICA_ADD (5),1,,,
Defense Evasion,Rootkit,T1014,-,0,-,-,-,0,0,-,-,0,,,
Defense Evasion,Suvert Trust Controls,T1553,-,0,Gatekeeper Bypass,T1553.001,-,0,0,-,-,0,,,
Defense Evasion,Suvert Trust Controls,T1553,-,0,Code Signing,T1553.002,-,0,0,-,-,0,,,
Defense Evasion,Suvert Trust Controls,T1553,-,0,SIP and Trust Provider Hijacking,T1553.003,-,0,0,-,-,0,,,
Defense Evasion,Suvert Trust Controls,T1553,-,0,Install Root Certificate,T1553.004,-,0,0,-,-,0,,,
Defense Evasion,Suvert Trust Controls,T1553,-,0,Mark-of-the-Web Bypass,T1553.005,-,0,0,-,-,0,,,
Defense Evasion,Suvert Trust Controls,T1553,-,0,Code Signing Policy Modification,T1553.006,-,0,0,-,-,0,,,
Defense Evasion,System Binary Proxy Execution,T1218,-,1,Compiled HTML File,T1218.001,-,0,0,-,-,0,,,
Defense Evasion,System Binary Proxy Execution,T1218,-,1,Control Panel,T1218.002,-,0,0,-,-,0,,,
Defense Evasion,System Binary Proxy Execution,T1218,-,1,CMSTP,T1218.003,-,1,0,-,-,0,,,
Defense Evasion,System Binary Proxy Execution,T1218,-,1,InstallUtil,T1218.004,-,0,0,-,-,0,,,
Defense Evasion,System Binary Proxy Execution,T1218,-,1,Mshta,T1218.005,-,1,0,-,-,0,,,
Defense Evasion,System Binary Proxy Execution,T1218,-,1,Msiexec,T1218.007,-,1,0,-,-,0,,,
Defense Evasion,System Binary Proxy Execution,T1218,-,1,Obdconf,T1218.008,-,0,0,-,-,0,,,
Defense Evasion,System Binary Proxy Execution,T1218,-,1,Regsvcs/Regasm,T1218.009,-,0,0,-,-,0,,,
Defense Evasion,System Binary Proxy Execution,T1218,-,1,Regsvr32,T1218.010,-,1,0,0,-,1,,,
Defense Evasion,System Binary Proxy Execution,T1218,-,1,Rundll32,T1218.011,-,0,0,-,-,0,,,
Defense Evasion,System Binary Proxy Execution,T1218,-,1,Verclsid,T1218.012,-,0,0,-,-,0,,,
Defense Evasion,System Binary Proxy Execution,T1218,-,1,Mavinject,T1218.013,-,0,0,-,-,0,,,
Defense Evasion,System Binary Proxy Execution,T1218,-,1,MMC,T1218.014,-,0,0,-,-,0,,,
Defense Evasion,System Binary Proxy Execution,T1218,-,1,Electron Applications,T1218.015,-,0,0,-,-,0,,,
Defense Evasion,System Script Proxy Execution,T1216,-,0,PubPrn,T1216.001,-,0,0,-,-,0,,,
Defense Evasion,System Script Proxy Execution,T1216,-,0,SyncAppvPublishingServer,T1216.002,-,0,0,-,-,0,,,
Defense Evasion,Template Injection,T1221,-,1,-,-,-,1,0,"NO, salvo circunstancias concretas del ataque","Detección por lista negra/anomalías. Debería monitorizarse y detectar tráfico de red hacia direcciones o dominios marcados en listas negras. En algún caso concreto, se puede descargar y ejecutar malware por lo que se debe monitorizar y detectar la descarga de este tipo de ficheros",1,,,
Defense Evasion,Traffic Signaling,T1205,"Persistence, Command and Control",1,Port Knocking,T1205.001,-,1,0,0,-,1,,,
Defense Evasion,Traffic Signaling,T1205,"Persistence, Command and Control",1,Socket Filters,T1205.002,-,1,0,-,-,0,,,
Defense Evasion,Trusted Developer Utilities Proxy Execution,T1127,-,0,MSBuild,T1127.001,-,0,0,-,-,0,,,
Defense Evasion,Unused/Unsupported Cloud Regions,T1535,-,0,-,-,-,0,0,-,-,0,,,
Defense Evasion,Use Alternate Authentication Material,T1550,Defense Evasion,0,Application Access Token,T1550.001,-,0,0,-,-,0,,,
Defense Evasion,Use Alternate Authentication Material,T1550,Defense Evasion,0,Pass the Hash,T1550.002,-,0,0,-,-,0,,,
Defense Evasion,Use Alternate Authentication Material,T1550,Defense Evasion,0,Pass the Ticket,T1550.003,-,0,0,-,-,0,,,
Defense Evasion,Use Alternate Authentication Material,T1550,Defense Evasion,0,Web Session Cookie,T1550.004,-,0,0,-,-,0,,,
Defense Evasion,Valid Accounts,T1078,"Initial Access,Persistence,Privilege Escalation",0,Default Accounts,T1078.001,-,0,0,-,-,0,,,
Defense Evasion,Valid Accounts,T1078,"Initial Access,Persistence,Privilege Escalation",0,Domain Accounts,T1078.002,-,0,0,-,-,0,,,
Defense Evasion,Valid Accounts,T1078,"Initial Access,Persistence,Privilege Escalation",0,Local Accounts,T1078.003,-,0,0,-,-,0,,,
Defense Evasion,Valid Accounts,T1078,"Initial Access,Persistence,Privilege Escalation",0,Cloud Accounts,T1078.004,-,0,0,-,-,0,,,
Defense Evasion,Virtualization/Sandbox Evasion,T1497,Discovery,0,System Checks,T1497.001,-,0,0,-,-,0,,,
Defense Evasion,Virtualization/Sandbox Evasion,T1497,Discovery,0,User Activity Based Checks,T1497.002,-,0,0,-,-,0,,,
Defense Evasion,Virtualization/Sandbox Evasion,T1497,Discovery,0,Time Based Evasion,T1497.003,-,0,0,-,-,0,,,
Defense Evasion,Weaken Encryption,T1600,-,0,Reduce Key Space,T1600.001,-,0,0,-,-,0,,,
Defense Evasion,Weaken Encryption,T1600,-,0,Disable Crypto Hardware,T1600.002,-,0,0,-,-,0,,,
Defense Evasion,XSL Script Processing,T1220,-,0,-,-,-,0,0,-,-,0,,,
Credential Access,Adversary-in-the-Middle,T1557,Collection,1,LLMNR/NBT-NS Poisoning and SMB Relay,T1557.001,-,1,0,-,-,0,,,
Credential Access,Adversary-in-the-Middle,T1557,Collection,1,ARP Cache Poisoning,T1557.002,-,1,1,1,"Mediante el uso de preprocesadores, la detección de este ataque es posible estableciendo un asociación entre la IP a proteger y su dirección MAC correspondiente. De esta forma, se puede fundar una regla que detecte mensajes ARP que incumplen esta asociación y que avistan de un posible ataque por suplantación MAC",1,,,
Credential Access,Adversary-in-the-Middle,T1557,Collection,1,DHCP Spoofing,T1557.003,-,1,0,1,"Regla genérica que detecte un envío masivo de procedimientos DHCP completos (DISCOVERY, OFFER, REQUEST, ACK). Otra alternativa es una regla personalizada que analice mensajes DHCP ACK con direcciones IP de servidores DNS distinta a la establecida en la red",1,,,
Credential Access,Brute Force,T1110,-,1,Password Guessing,T1110.001,-,0,0,0,-,1,,,
Credential Access,Brute Force,T1110,-,1,Password Cracking,T1110.002,-,0,0,0,-,1,,,
Credential Access,Brute Force,T1110,-,1,Password Spraying,T1110.003,-,0,0,0,-,1,,,
Credential Access,Brute Force,T1110,-,1,Credential Stuffing,T1110.004,-,0,0,-,-,0,,,
Credential Access,Credentials from Password Stores,T1555,-,0,Keychain,T1555.001,-,0,0,-,-,0,,,
Credential Access,Credentials from Password Stores,T1555,-,0,Securityd Memory,T1555.002,-,0,0,-,-,0,,,
Credential Access,Credentials from Password Stores,T1555,-,0,Credentials from Web Browsers,T1555.003,-,0,0,-,-,0,,,
Credential Access,Credentials from Password Stores,T1555,-,0,Windows Credential Manager,T1555.004,-,0,0,-,-,0,,,
Credential Access,Credentials from Password Stores,T1555,-,0,Password Managers,T1555.005,-,0,0,-,-,0,,,
Credential Access,Credentials from Password Stores,T1555,-,0,Cloud Secrets Management Stores,T1555.006,-,0,0,-,-,0,,,
Credential Access,Exploitation for Credential Access,T1212,-,0,-,-,-,0,0,-,-,0,,,
Credential Access,Forced Authentication,T1187,-,1,-,-,-,1,0,1,"Regla genérica que detecte paquetes SMB en puertos TCP 139,445 y puerto UDP 137 y el tráfico WebDAV",1,,,
Credential Access,Forge Web Credentials,T1606,-,0,Web Cookies,T1606.001,-,0,0,-,-,0,,,
Credential Access,Forge Web Credentials,T1606,-,0,SAML Tokens,T1606.002,-,0,0,-,-,0,,,
Credential Access,Input Capture,T1056,Collection,0,Keylogging,T1056.001,-,0,0,-,-,0,,,
Credential Access,Input Capture,T1056,Collection,0,GUI Input Capture,T1056.002,-,0,0,-,-,0,,,
Credential Access,Input Capture,T1056,Collection,0,Web Portal Capture,T1056.003,-,0,0,-,-,0,,,
Credential Access,Input Capture,T1056,Collection,0,Credential API Hooking,T1056.004,-,0,0,-,-,0,,,
Credential Access,Modify Authentication Process,T1556,"Defense Evasion, Persistence",0,Domain Controller Authentication,T1556.001,-,0,0,-,-,0,,,
Credential Access,Modify Authentication Process,T1556,"Defense Evasion, Persistence",0,Password Filter DLL,T1556.002,-,0,0,-,-,0,,,
Credential Access,Modify Authentication Process,T1556,"Defense Evasion, Persistence",0,Pluggable Authentication Modules,T1556.003,-,0,0,-,-,0,,,
Credential Access,Modify Authentication Process,T1556,"Defense Evasion, Persistence",0,Network Device Authentication,T1556.004,-,0,0,-,-,0,,,
Credential Access,Modify Authentication Process,T1556,"Defense Evasion, Persistence",0,Reversible Encryption,T1556.005,-,0,0,-,--,0,,,
Credential Access,Modify Authentication Process,T1556,"Defense Evasion, Persistence",0,Multi-Factor Authentication,T1556.006,-,0,0,-,-,0,,,
Credential Access,Modify Authentication Process,T1556,"Defense Evasion, Persistence",0,Hybrid Identity,T1556.007,-,0,0,-,-,0,,,
Credential Access,Modify Authentication Process,T1556,"Defense Evasion, Persistence",0,Network Provider DLL,T1556.008,-,0,0,-,-,0,,,
Credential Access,Modify Authentication Process,T1556,"Defense Evasion, Persistence",0,Conditional Access Policies,T1556.009,-,0,0,-,-,0,,,
Credential Access,Multi-Factor Authentication Interception,T1111,-,0,-,-,-,0,0,-,-,0,,,
Credential Access,Multi-Factor Authentication Request Generation,T1621,-,0,-,-,-,0,0,-,-,0,,,
Credential Access,Network Sniffing,T1040,Discovery,0,-,-,-,0,0,0,No existe detección posible ante este tipo de ataques. El uso de cifrado WEP incorpora vulnerabilidades intrínsecas a este.,1,,,
Credential Access,OS Credential Dumping,T1003,-,1,LSASS Memory,T1003.001,-,0,0,-,-,0,,,
Credential Access,OS Credential Dumping,T1003,-,1,Security Account Manager,T1003.002,-,0,0,-,-,0,,,
Credential Access,OS Credential Dumping,T1003,-,1,NTDS,T1003.003,-,0,0,-,-,0,,,
Credential Access,OS Credential Dumping,T1003,-,1,LSA Secrets,T1003.004,-,0,0,-,-,0,,,
Credential Access,OS Credential Dumping,T1003,-,1,Cached Domain Credentials,T1003.005,-,0,0,-,-,0,,,
Credential Access,OS Credential Dumping,T1003,-,1,DCSync,T1003.006,-,1,0,1,Regla compuesta que detecte una llamada DCERPC Bind a la API DRSUAPI y una llamada posterior a la función DsGetNCChanges,1,,,
Credential Access,OS Credential Dumping,T1003,-,1,Proc Filesystem,T1003.007,-,0,0,-,-,0,,,
Credential Access,OS Credential Dumping,T1003,-,1,/etc/passwd and /etc/shadow,T1003.008,-,0,0,-,-,0,,,
Credential Access,Steal Application Access Token,T1528,-,0,-,-,-,0,0,-,-,0,,,
Credential Access,Steal or Forge Authentication Certificates,T1649,-,0,-,-,-,0,0,-,-,0,,,
Credential Access,Steal or Forge Kerberos Tickets,T1558,-,0,Golden Ticket,T1558.001,-,0,0,-,-,0,,,
Credential Access,Steal or Forge Kerberos Tickets,T1558,-,0,Silver Ticket,T1558.002,-,0,0,-,-,0,,,
Credential Access,Steal or Forge Kerberos Tickets,T1558,-,0,Kerberoasting,T1558.003,-,0,0,-,-,0,,,
Credential Access,Steal or Forge Kerberos Tickets,T1558,-,0,AS-REP Roasting,T1558.004,-,0,0,-,-,0,,,
Credential Access,Steal Web Session Cookie,T1539,-,0,-,-,-,0,0,-,-,0,,,
Credential Access,Unsecured Credentials,T1552,-,0,Credentials in Files,T1552.001,-,0,0,-,-,0,,,
Credential Access,Unsecured Credentials,T1552,-,0,Credentials in Registry,T1552.002,-,0,0,-,-,0,,,
Credential Access,Unsecured Credentials,T1552,-,0,Bash History,T1552.003,-,0,0,-,-,0,,,
Credential Access,Unsecured Credentials,T1552,-,0,Private Keys,T1552.004,-,0,0,-,-,0,,,
Credential Access,Unsecured Credentials,T1552,-,0,Cloud Instance Metadata API,T1552.005,-,0,0,-,-,0,,,
Credential Access,Unsecured Credentials,T1552,-,0,Group Policy Preferences,T1552.006,-,0,0,-,-,0,,,
Credential Access,Unsecured Credentials,T1552,-,0,Container API,T1552.007,-,0,0,-,-,0,,,
Credential Access,Unsecured Credentials,T1552,-,0,Chat Messages,T1552.008,-,0,0,-,-,0,,,
Discovery,Account Discovery,T1087,-,0,Local Account,T1087.001,-,0,0,-,-,0,,,
Discovery,Account Discovery,T1087,-,0,Domain Account,T1087.002,-,1,0,-,-,0,,,
Discovery,Account Discovery,T1087,-,0,Email Account,T1087.003,-,0,0,-,-,0,,,
Discovery,Account Discovery,T1087,-,0,Cloud Account,T1087.004,-,0,0,-,-,0,,,
Discovery,Application Window Discovery,T1010,-,0,-,-,-,0,0,-,-,0,,,
Discovery,Browser Information Discovery,T1217,-,0,-,-,-,0,0,-,-,0,,,
Discovery,Cloud Infrastructure Discovery,T1580,-,0,-,-,-,0,0,-,-,0,,,
Discovery,Cloud Service Dashboard,T1538,-,0,-,-,-,0,0,-,-,0,,,
Discovery,Cloud Service Discovery,T1526,-,0,-,-,-,0,0,-,-,0,,,
Discovery,Cloud Storage Object Discovery,T1619,-,0,-,-,-,0,0,-,-,0,,,
Discovery,Container and Resource Discovery,T1613,-,0,-,-,-,0,0,-,-,0,,,
Discovery,Debugger Evasion,T1622,Defense Evasion,0,-,-,-,0,0,-,-,0,,,
Discovery,Device Driver Discovery,T1562,-,0,-,-,-,0,0,-,-,0,,,
Discovery,Domain Trust Discovery,T1482,-,1,-,-,-,1,0,"NO, salvo reglas personalizadas","Regla personalizada que detecte paquetes LDAP, procedentes de equipos que no son DC en la red (configurable manualmente) y con la cadena objectClass=trustedDomain",1,,,
Discovery,File and Directory Discovery,T1083,-,0,-,-,-,0,0,-,-,0,,,
Discovery,Group Policy Discovery,T1615,-,1,-,-,-,1,0,0,Detección por anomalías,1,,,
Discovery,Log Enumeration,T1654,-,0,-,-,-,0,0,-,-,0,,,
Discovery,Network Service Discovery,T1046,-,1,-,-,-,1,0,1,"Múltiples mecanismos. Por ejemplo, regla que detecte un escaneo de puertos (alto número de peticiones hacia un rango de puertos en poco tiempo)",1,,,
Discovery,Network Share Discovery,T1135,-,0,-,-,-,0,0,-,-,0,,,
Discovery,Network Sniffing,T1040,Credential Access,0,-,-,-,0,0,-,-,0,,,
Discovery,Password Policy Discovery,T1201,-,0,-,-,-,0,0,-,-,0,,,
Discovery,Peripheral Device Discovery,T1120,-,0,-,-,-,0,0,-,-,0,,,
Discovery,Permissions Group Discovery,T1069,-,0,Local Groups,T1069.001,-,0,0,-,-,0,,,
Discovery,,,,,Domain Groups,T1069.002,-,0,0,-,-,0,,,
Discovery,,,,,Cloud Groups,T1069.003,-,0,0,-,-,0,,,
Discovery,Proccess Discovery,T1057,-,0,-,-,-,0,0,-,-,0,,,
Discovery,Query Registry,T1012,-,0,-,-,-,0,0,-,-,0,,,
Discovery,Remote System Discovery,T1018,-,1,-,-,-,1,0,1,Regla genérica que detecte nuevas conexiones construidas asociadas con pings/escaneos que intenten obtener un listado de sistemas por direccion IP,1,,,
Discovery,Software Discovery,T1518,-,0,Security Software Discovery,T1518.001,-,0,0,-,-,0,,,
Discovery,System Information Discovery,T1082,-,0,-,-,-,0,0,-,-,0,,,
Discovery,System Location Discovery,T1614,-,0,System Language Discovery,T1614.001,-,0,0,-,-,0,,,
Discovery,System Network Configuration Discovery,T1016,-,0,Internet Connection Discovery,T1016.001,-,0,0,-,-,0,,,
Discovery,,,,,Wi-Fi Discovery,T1016.002,-,0,0,-,-,0,,,
Discovery,System Network Connections Discovery,T1049,-,0,-,-,-,0,0,-,-,0,,,
Discovery,System Owner / User Discovery,T1033,-,1,-,-,-,1,0,1,Regla que detecte múltiples interacciones con la API LSM_API_service del servicio RPC desde el mismo equipo origen.,1,,,
Discovery,System Service Discovery,T1007,-,0,-,-,-,0,0,-,-,0,,,
Discovery,System Time Discovery,T1124,-,0,-,-,-,0,0,-,-,0,,,
Discovery,Virtualization/Sandbox Evasion,T1497,Defense Evasion,0,System Checks,T1497.001,-,0,0,-,-,0,,,
Discovery,Virtualization/Sandbox Evasion,T1497,Defense Evasion,0,User Activity Based Checks,T1497.002,-,0,0,-,-,0,,,
Discovery,Virtualization/Sandbox Evasion,T1497,Defense Evasion,0,Time Based Evasion,T1497.003,-,0,0,-,-,0,,,
Lateral Movement,Exploitation of Remote Services,T1210,-,1,-,-,-,1,0,1,Regla genérica que detecte intento de ejecucion remota de codigo en servidor FTP,1,,,
Lateral Movement,Internal Spearphishing,T1534,-,1,-,-,-,1,0,0,"Detección por anomalías, análisis de la estructura de correos electrónicos, petición de información confidencial, etc",1,,,
Lateral Movement,Lateral Tool Transfer,T1570,-,1,-,-,-,1,0,1,"Reglas genéricas que detecten un traspaso de archivos entre equipos utilizando protocolos de transferencia de ficheros como SMB, FTP... Dependiendo de las circunstancias del ataque tambien es importante detectar la transferencia de archivos malware que sean detectables mediante tráfico de red.",1,,,
Lateral Movement,Remote Service Session Hijacking,T1563,-,1,SSH Hijacking,T1563.001,-,1,0,1,Regla genérica para detectar conexiones SSH entre un orígen y un servidor o destino,1,,,
Lateral Movement,Remote Service Session Hijacking,T1563,-,1,RDP Hijacking,T1563.002,-,1,0,1,Regla genérica para detectar conexiones RDP entre un orígen y un servidor o destino,1,,,
Lateral Movement,Remote Services,T1021,-,1,Remote Desktop Protocol,T1021.001,-,1,0,1,Regla genérica para detectar conexiones RDP entre un orígen y un servidor o destino,0,,,
Lateral Movement,Remote Services,T1021,-,1,SMB/Windows Admin Shares,T1021.002,-,1,0,1,Regla genérica para detectar conexiones SMB entre un orígen y un servidor/destino,0,,,
Lateral Movement,Remote Services,T1021,-,1,Distributed Component Object Model,T1021.003,-,1,0,1,Regla genérica que monitorice puerto 135,0,,,
Lateral Movement,Remote Services,T1021,-,1,SSH,T1021.004,-,1,0,1,"Regla genérica para detectar conexiones SSH entre un orígen y un servidor o destino dentro de la red a proteger. *Este ataque, si bien es detectable por red, es idéntico a un acceso legítimo, por lo que no es posible diferenciar uno de otro (salvo por anomalías relacionadas con direcciones IP o usuarios poco comunes)",1,,,
Lateral Movement,Remote Services,T1021,-,1,VNC,T1021.005,-,1,0,1,Regla genérica para detectar conexiones construidas mediante VNC entre un orígen y un servidor/destino,0,,,
Lateral Movement,Remote Services,T1021,-,1,Windows Remote Management,T1021.006,--,1,0,1,Regla genérica que monitorice conexiones mediante WinRM y puertos 5985 y 5986,0,,,
Lateral Movement,Remote Services,T1021,-,1,Cloud Services,T1021.007,-,0,0,-,-,0,,,
Lateral Movement,Remote Services,T1021,-,1,Direct Cloud VM Connections,T1021.008,-,0,0,-,-,0,,,
Lateral Movement,Replication Through Removable Media,T1091,Initial Access,0,-,-,-,0,0,-,-,0,,,
Lateral Movement,Software Development Tools,T1072,Execution,0,-,-,-,0,0,-,-,0,,,
Lateral Movement,Taint Shared Content,T1080,-,0,-,-,-,0,0,-,-,0,,,
Lateral Movement,Use Alternate Authentication Material,T1550,Lateral Movement,0,Application Access Token,T1550.001,-,0,0,-,-,0,,,
Lateral Movement,Use Alternate Authentication Material,T1550,Lateral Movement,0,Pass the Hash,T1550.002,-,0,0,-,-,0,,,
Lateral Movement,Use Alternate Authentication Material,T1550,Lateral Movement,0,Pass the Ticket,T1550.003,-,0,0,-,-,0,,,
Lateral Movement,Use Alternate Authentication Material,T1550,Lateral Movement,0,Web Session Cookie,T1550.004,-,0,0,-,-,0,,,
Collection,Adversary-in-the-Middle,T1557,Credential Access,1,LLMNR/NBT-NS Poisoning and SMB Relay,T1557.001,-,1,0,-,-,0,,,
Collection,Adversary-in-the-Middle,T1557,Credential Access,1,ARP Cache Poisoning,T1557.002,-,1,1,0,-,1,,,
Collection,Adversary-in-the-Middle,T1557,Credential Access,1,DHCP Spoofing,T1557.003,-,1,0,-,-,0,,,
Collection,Archive Collected Data,T1560,-,0,Archive via Utility,T1560.001,-,0,0,-,-,0,,,
Collection,Archive Collected Data,T1560,-,0,Archive via Library,T1560.002,-,0,0,-,-,0,,,
Collection,Archive Collected Data,T1560,-,0,Archive via Custom Method,T1560.003,-,0,0,-,-,0,,,
Collection,Audio Capture,T1123,-,0,-,-,-,0,0,-,-,0,,,
Collection,Automated Collection,T1119,-,0,-,-,-,0,0,-,-,0,,,
Collection,Browser Session Hijacking,T1185,-,0,-,-,-,0,0,-,-,0,,,
Collection,Clipboard Data,T1115,-,0,-,-,-,0,0,-,-,0,,,
Collection,Data from Cloud Storage,T1530,-,0,-,-,-,0,0,-,-,0,,,
Collection,Data from Configuration Repository,T1602,-,1,SNMP (MIB Dump),T1602.001,-,1,1,1,Regla genérica que detecte el uso del protocolo SNMP sobre UDP para acceder a la comunidad public,1,,,
Collection,Data from Configuration Repository,T1602,-,1,Network Device Configuration Dump,T1602.002,-,1,1,-,-,0,,,
Collection,Data from Information Repositories,T1213,-,1,Confluence,T1213.001,-,0,0,-,-,0,,,
Collection,Data from Information Repositories,T1213,-,1,Sharepoint,T1213.002,-,0,0,-,-,0,,,
Collection,Data from Information Repositories,T1213,-,1,Code Repositories,T1213.003,-,0,0,-,-,0,,,
Collection,Data from Local System,T1005,-,0,-,-,-,0,0,-,-,0,,,
Collection,Data from Network Shared Drive,T1039,-,1,-,-,-,1,0,0,"Detección por anomalías, copia repentina de ficheros compartidos por red.",1,,,
Collection,Data from Removable Media,T1025,-,0,-,-,-,0,0,-,-,0,,,
Collection,Data Staged,T1074,-,0,Local Data Staging,T1074.001,-,0,0,-,-,0,,,
Collection,Data Staged,T1074,-,0,Remote Data Staging,T1074.002,-,0,0,-,-,0,,,
Collection,Email Collection,T1114,-,1,Local Email Collection,T1114.001,-,0,0,-,-,0,,,
Collection,Email Collection,T1114,-,1,Remote Email Collection,T1114.002,-,1,0,0,"Detección por anomalías, peticiones LDAP espontáneas desde un equipo de la red, haciendo uso de una cuenta con credenciales válidas.",1,,,
Collection,Email Collection,T1114,-,1,Email Forwarding Rule,T1114.003,-,0,0,-,-,0,,,
Collection,Input Capture,T1056,Credential Access,0,Keylogging,T1056.001,-,0,0,-,-,0,,,
Collection,Input Capture,T1057,Credential Access,0,GUI Input Capture,T1056.002,-,0,0,-,-,0,,,
Collection,Input Capture,T1058,Credential Access,0,Web Portal Capture,T1056.003,-,0,0,-,-,0,,,
Collection,Input Capture,T1059,Credential Access,0,Credential API Hooking,T1056.004,-,0,0,-,-,0,,,
Collection,Screen Capture,T1113,-,0,-,-,-,0,0,-,-,0,,,
Collection,Video Capture,T1125,-,0,-,-,-,0,0,-,-,0,,,
Command and Control,Application Layer Protocol,T1071,-,1,Web Protocols,T1071.001,-,1,1,-,-,0,,,
Command and Control,Application Layer Protocol,T1071,-,1,File Transfer Protocols,T1071.002,-,1,1,-,-,0,,,
Command and Control,Application Layer Protocol,T1071,-,1,Mail Protocols,T1071.003,-,1,1,-,-,0,,,
Command and Control,Application Layer Protocol,T1071,-,1,DNS,T1071.004,-,1,1,1,Regla genérica que detecta uso de dnscat,1,,,
Command and Control,Communication Through Removable Media,T1092,-,0,-,-,-,0,0,-,-,0,,,
Command and Control,Content Injection,T1659,Initial Access,1,-,-,-,1,0,-,-,1,,,
Command and Control,Data Encoding,T1132,-,1,Standard Encoding,T1132.001,-,1,1,1,Regla genérica que detecte codificación en Base64 en un paquete,1,,,
Command and Control,Data Encoding,T1132,-,1,Non-Standard Encoding,T1132.002,-,1,1,-,-,0,,,
Command and Control,Data Obfuscation,T1001,-,1,Junk Data,T1001.001,-,1,1,-,-,0,,,
Command and Control,Data Obfuscation,T1001,-,1,Steganography,T1001.002,-,1,1,0,"Detección por anomalías y/o estegoanálisis, envío de imágenes o ficheros con formato poco común entre equipos, existencia de ficheros comprimidos sospechosos, etc.",1,,,
Command and Control,Data Obfuscation,T1001,-,1,Protocol Impersonation,T1001.003,-,1,1,"NO, salvo uso de reglas personalizadas",Regla personalizada que compruebe el campo Server Name y mediante DNS asegure si se corresponde con la dirección IP a la que se está accediendo.,1,,,
Command and Control,Dynamic Resolution,T1568,-,1,Fast Flux DNS,T1568.001,-,1,1,1,Regla genérica que detecte consultas DNS de un mismo origen a un mismo destino y que la respuesta DNS devuelva diferentes IPs en cada respuesta,1,,,
Command and Control,Dynamic Resolution,T1568,-,1,Domain Generation Algorithms,T1568.002,-,1,1,-,-,0,,,
Command and Control,Dynamic Resolution,T1568,-,1,DNS Calculation,T1568.003,-,1,1,-,-,0,,,
Command and Control,Encrypted Channel,T1573,-,1,Symmetric Cryptography,T1573.001,-,1,1,-,-,0,,,
Command and Control,Encrypted Channel,T1573,-,1,Asymmetric Cryptography,T1573.002,-,1,1,1,Monitorizar por la creación de nuevas conexiones encriptadas al exterior,1,,,
Command and Control,Fallback Channels,T1008,-,1,-,-,-,1,1,SI*,"La detección de la creación del canal es posible para este caso concreto. Sin embargo, si ambos canales, tanto primario como secundario están establecidos, y no se ha detectado su creación, el cambio de uno a otro es inapreciable por el cortafuegos.",1,,,
Command and Control,Hide Infrastructure,T1665,-,1,-,,,1,0,"NO, salvo circunstancias concretas del ataque","Detección por reglas/anomalías. Resulta importante monitorizar tráfico de red con destino a dominios incluidos en listas negras, conexiones a equpos externos...",1,,,
Command and Control,Ingress Tool Transfer,T1105,-,1,-,-,-,1,0,1,"Reglas genéricas que detecten un traspaso de archivos entre equipos utilizando protocolos de transferencia de ficheros como SMB, FTP... Dependiendo de las circunstancias del ataque tambien es importante detectar la transferencia de archivos malware que sean detectables mediante tráfico de red.",1,,,
Command and Control,Multi-Stage Channels,T1104,-,1,-,-,-,1,1,0,Detección por anomalías. Investigación de las sesiones establecidas en el equipo atacante (siempre que sea posible) para identificar un rastro de otra dirección.,1,,,
Command and Control,Non-Application Layer Protocol,T1095,-,1,-,-,-,1,1,1,Regla genérica que detecte paquetes UDP/ICMP entre un orígen y un servidor,1,,,
Command and Control,Non-Standard Port,T1571,-,1,-,-,-,1,1,1,Regla genérica que detecte paquetes que se dirijana un puerto que no es el habitual,1,,,
Command and Control,Protocol Tunneling,T1572,-,1,-,-,-,1,1,1,Regla genérica que detecte nuevas conexiones,1,,,
Command and Control,Proxy,T1090,-,1,Internal Proxy,T1090.001,-,1,1,0,"Aunque sí es detectable la conexión C2 directa con el atacante, no existe un mecanismo de detección concreto que pueda identificar el uso de un proxy, más allá de una detección por anomalías, como la repetición de paquetes, dando a entender que un equipo interno está replicando paquetes, y por tanto está actuando como proxy",1,,,
Command and Control,Proxy,T1090,-,1,External Proxy,T1090.002,-,1,1,-,-,0,,,
Command and Control,Proxy,T1090,-,1,Multi-hop Proxy,T1090.003,-,1,1,-,-,0,,,
Command and Control,Proxy,T1090,-,1,Domain Fronting,T1090.004,-,1,1,-,-,0,,,
Command and Control,Remote Access Software,T1219,-,1,-,-,-,1,0,0,"Deteccion por listas negras/anomalías. Monitorizar tráfico de red correspondiente a softwares de acesso remoto(AnyDesk, TeamViewer...)",1,,,
Command and Control,Traffic Signaling,T1205,"Persistence, Defense Evasion",1,Port Knocking,T1205.001,-,1,0,-,-,1,,,
Command and Control,Traffic Signaling,T1205,"Persistence, Defense Evasion",1,Socket Filters,T1205.002,-,1,0,-,-,0,,,
Command and Control,Web Service,T1102,-,1,Dead Drop Resolver,T1102.001,-,1,1,-,-,0,,,
Command and Control,Web Service,T1102,-,1,Bidirectional Communication,T1102.002,-,1,1,-,-,0,,,
Command and Control,Web Service,T1102,-,1,One-Way Communication,T1102.003,-,1,1,0,"Detección por anomalías, observando actividad inusual relacionada con el uso de servicios web (subidas pesadas de información a la nube, comunicación periódica con servidores web concretos, etc)",1,,,
Exfiltration,Automated Exfiltration,T1020,-,1,Traffic Duplication,T1020.001,-,1,1,0,Detección por anomalías en red que detecte el envío duplicado de paquetes procedentes de un mismo origen interno a la organización,1,,,
Exfiltration,Data Transfer Size Limits,T1030,-,1,-,-,-,1,1,"NO, salvo circunstaciones concretas del ataque","Dependiendo la forma en la que se envien los archivos, puede ser indetectable. Sin embargo, si utiliza protocolos de transferencia de ficheros (FTP,SMB...) resulta importante monitorizar transferencias con un mismo tamaño de manera concurrente",1,,,
Exfiltration,Exfiltration Over Alternative Protocols,T1048,-,1,Exfiltration Over Symmetric Encrypted Non-C2 Protocol,T1048.001,-,1,0,-,-,0,,,
Exfiltration,Exfiltration Over Alternative Protocols,T1048,-,1,Exfiltration Over Asymmetric Encrypted Non-C2 Protocol,T1048.002,-,1,0,-,-,0,,,
Exfiltration,Exfiltration Over Alternative Protocols,T1048,-,1,Exfiltration Over Unencrypted Non-C2 Protocol,T1048.003,-,1,0,1,Regla genérica que detecte PING inusual.,1,,,
Exfiltration,Exfiltration Over C2 Channel,T1041,-,1,-,-,-,1,0,0,Detección por anomalías basada en la sospecha de una extracción de información confidencial por un posible canal C2,1,,,
Exfiltration,Exfiltration Over Other Network Medium,T1011,-,1,Exfiltration Over Bluetooth,T1011.001,-,1,0,0,Detección por anomalías en red Bluetooth. Envío y/o recepción de información comprometida por la red,1,,,
Exfiltration,Exfiltration Over Physical Medium,T052,-,0,Exfiltration Over USB,T1052.001,-,0,0,-,-,0,,,
Exfiltration,Exfiltration Over Web Service,T1567,-,1,Exfiltration to Code Repository,T1567.001,-,1,0,-,-,0,,,
Exfiltration,Exfiltration Over Web Service,T1567,-,1,Exfiltration to Cloud Storage,T1567.002,-,1,0,0,Deteccion por listas negras/anomalías,1,,,
Exfiltration,Exfiltration Over Web Service,T1567,-,1,Exfiltration to Text Storage Sites,T1567.003,-,1,1,-,-,0,,,
Exfiltration,Exfiltration Over Web Service,T1567,-,1,Exfiltration over Webhook,T1567.004,-,1,0,-,-,0,,,
Exfiltration,Scheduled Transfer,T1029,-,1,-,-,-,1,1,0,"Detección por anomalías, basada en el descubrimiento de eventos programados que no han sido creados por el usuario.",1,,,
Exfiltration,Transfer Data to Cloud Account,T1537,-,1,-,-,-,1,0,0,Deteccion por listas negras/anomalías,1,,,
Impact,Account Access Removal,T1531,-,0,-,-,-,0,0,-,-,0,,,
Impact,Data Destruction,T1485,-,0,-,-,-,0,0,-,-,0,,,
Impact,Data Encrypted for Impact,T1486,-,0,-,-,-,0,0,-,-,0,,,
Impact,Data Manipulation,T1565,-,1,Stored Data Manipulation,T1565.001,-,0,0,NO***,"Reglas personalizadas que detecten ataques de inyeccion SQL mediante la presencia del caracter ""%27""",1,,,
Impact,Data Manipulation,T1565,-,1,Transmitted Data Manipulation,T1565.002,-,1,0,-,-,1,,,
Impact,Data Manipulation,T1565,-,1,Runtime Data Manipulation,T1565.003,-,0,0,-,-,0,,,
Impact,Defacement,T1491,-,1,Internal Defacement,T1491.001,-,1,0,0,Deteccion por listas negras/anomalías,1,,,
Impact,Defacement,T1491,-,1,External Defacement,T1491.002,-,1,0,-,-,0,,,
Impact,Disk Wipe,T1561,-,0,Disk Content Wipe,T1561.001,-,0,0,-,-,0,,,
Impact,Disk Wipe,T1561,-,0,Disk Structure Wipe,T1561.002,-,0,0,-,-,0,,,
Impact,Endpoint Denial of Service,T1499,-,1,OS Exhaustion Flood,T1499.001,-,1,0,,,1,,,
Impact,Endpoint Denial of Service,T1499,-,1,Service Exhaustion Flood,T1499.002,-,1,0,-,-,1,,,
Impact,Endpoint Denial of Service,T1499,-,1,Application Exhaustion Flood,T1499.003,-,1,0,1,Reglas que detecen envío masivo de solicitudes a servidor web,1,,,
Impact,Endpoint Denial of Service,T1499,-,1,Application or System Exploitation,T1499.004,-,1,0,1,"Mediante el uso de preprocesadores, la detección de este ataque es posible estableciendo un asociación entre la IP a proteger y su dirección MAC correspondiente. De esta forma, se puede fundar una regla que detecte mensajes ARP que incumplen esta asociación y que avistan de un posible ataque por suplantación MAC",1,,,
Impact,Financial Theft,T1657,-,0,-,-,-,0,0,-,-,0,,,
Impact,Firmware Corruption,T1495,-,0,-,-,-,0,0,-,-,0,,,
Impact,Inhibit System Recovery,T1490,-,0,-,-,-,0,0,-,-,0,,,
Impact,Network Denial of Service,T1498,-,1,Direct Network Flood,T1498.001,-,1,0,1,Regla genérica que detecte un número elevado de intentos de conexión y mensajes UDP/MAC procedentes de un mismo orígen y hacia un mismo servidor o destinatario,1,,,
Impact,Network Denial of Service,T1498,-,1,Reflection Amplification,T1498.002,-,1,0,-,-,0,,,
Impact,Resource Hijacking,T1496,-,1,-,-,-,1,0,1,Regla genérica que detecte envíos a un destino a/desde puertos extraños,1,,,
Impact,Service Stop,T1489,-,0,-,-,-,0,0,-,-,0,,,
Impact,System Shutdown/Reboot,T1529,-,0,-,-,-,0,0,-,-,0,,,
,,,,,,,,,,,,,,,
